_id,user,provider,date,timeSlot,items[0].name,items[1].name,items[2].name,items[3].name,items[4].name,items[5].name,items[0].itemType,items[1].itemType,items[2].itemType,items[3].itemType,items[4].itemType,items[5].itemType,items[0].price,items[1].price,items[2].price,items[3].price,items[4].price,items[5].price,items[0].quantity,items[1].quantity,items[2].quantity,items[3].quantity,items[4].quantity,items[5].quantity,items[0]._id,items[1]._id,items[2]._id,items[3]._id,items[4]._id,items[5]._id,totalPrice,amountPaid,status,paymentStatus,razorpayOrderId,createdAt,updatedAt,__v,platformFee,providerEarning
69db95e2586168c883b6786c,69db9378586168c883b67854,69aab986abf82fb96cee34ef,2026-04-15T00:00:00.000Z,dinner,Paneer Butter Masala,Roti,,,,,veg,veg,,,,,120,15,,,,,1,3,,,,,69db95e2586168c883b6786d,69db95e2586168c883b6786e,,,,,165,0,pending,pending,order_ScaXc6qjGDMjkm,2026-04-12T12:53:54.676Z,2026-04-12T12:53:54.676Z,0,,
69e0a6cd2eab0b385a715b3b,69e0a6cc2eab0b385a715b37,69e0a6c62eab0b385a715ad4,2026-01-14T18:30:00.000Z,lunch,Masoor Dal,Paratha,,,,,dal,bread,,,,,38,15,,,,,2,1,,,,,69e0a6cd2eab0b385a715b3c,69e0a6cd2eab0b385a715b3d,,,,,91,91,completed,paid,,2026-01-14T18:30:00.000Z,2026-01-14T18:30:00.000Z,0,5,86
69e0a6cd2eab0b385a715b3e,69e0a6cc2eab0b385a715b37,69e0a6c62eab0b385a715ad4,2026-01-14T18:30:00.000Z,lunch,Masoor Dal,Matar Paneer,Jeera Rice,,,,dal,sabzi,rice,,,,38,60,30,,,,1,1,1,,,,69e0a6cd2eab0b385a715b3f,69e0a6cd2eab0b385a715b40,69e0a6cd2eab0b385a715b41,,,,128,128,completed,paid,,2026-01-14T18:30:00.000Z,2026-01-14T18:30:00.000Z,0,6,122
69e0a6cd2eab0b385a715b42,69e0a6cc2eab0b385a715b37,69e0a6c62eab0b385a715ad4,2026-01-14T18:30:00.000Z,dinner,Butter Naan,Dal Tadka,,,,,bread,dal,,,,,15,40,,,,,1,1,,,,,69e0a6cd2eab0b385a715b43,69e0a6cd2eab0b385a715b44,,,,,55,55,completed,paid,,2026-01-14T18:30:00.000Z,2026-01-14T18:30:00.000Z,0,3,52
69e0a6cd2eab0b385a715b45,69e0a6cc2eab0b385a715b37,69e0a6c62eab0b385a715ad4,2026-01-14T18:30:00.000Z,lunch,Masoor Dal,Matar Paneer,Jeera Rice,Paratha,Raita,,dal,sabzi,rice,bread,side,,38,60,30,15,20,,1,1,1,1,1,,69e0a6cd2eab0b385a715b46,69e0a6cd2eab0b385a715b47,69e0a6cd2eab0b385a715b48,69e0a6cd2eab0b385a715b49,69e0a6cd2eab0b385a715b4a,,163,163,completed,paid,,2026-01-14T18:30:00.000Z,2026-01-14T18:30:00.000Z,0,8,155
69e0a6cd2eab0b385a715b4b,69e0a6cc2eab0b385a715b37,69e0a6c62eab0b385a715ad4,2026-01-16T18:30:00.000Z,dinner,Rasmalai,Butter Naan,Steamed Rice,,,,dessert,bread,rice,,,,35,15,25,,,,1,2,1,,,,69e0a6cd2eab0b385a715b4c,69e0a6cd2eab0b385a715b4d,69e0a6cd2eab0b385a715b4e,,,,90,90,completed,paid,,2026-01-16T18:30:00.000Z,2026-01-16T18:30:00.000Z,0,5,85
69e0a6cd2eab0b385a715b4f,69e0a6cc2eab0b385a715b37,69e0a6c62eab0b385a715ad4,2026-01-16T18:30:00.000Z,lunch,Fruit Custard,Roti,,,,,dessert,bread,,,,,30,10,,,,,1,2,,,,,69e0a6cd2eab0b385a715b50,69e0a6cd2eab0b385a715b51,,,,,50,50,completed,paid,,2026-01-16T18:30:00.000Z,2026-01-16T18:30:00.000Z,0,3,47
69e0a6cd2eab0b385a715b52,69e0a6cc2eab0b385a715b37,69e0a6c62eab0b385a715ad4,2026-01-19T18:30:00.000Z,lunch,Chana Dal,Paneer Butter Masala,,,,,dal,sabzi,,,,,40,65,,,,,2,2,,,,,69e0a6cd2eab0b385a715b53,69e0a6cd2eab0b385a715b54,,,,,210,210,completed,paid,,2026-01-19T18:30:00.000Z,2026-01-19T18:30:00.000Z,0,11,199
69e0a6cd2eab0b385a715b55,69e0a6cc2eab0b385a715b37,69e0a6c62eab0b385a715ad4,2026-01-19T18:30:00.000Z,lunch,Chana Dal,Roti,,,,,dal,bread,,,,,40,10,,,,,1,1,,,,,69e0a6cd2eab0b385a715b56,69e0a6cd2eab0b385a715b57,,,,,50,50,completed,paid,,2026-01-19T18:30:00.000Z,2026-01-19T18:30:00.000Z,0,3,47
69e0a6cd2eab0b385a715b58,69e0a6cc2eab0b385a715b37,69e0a6c62eab0b385a715ad4,2026-01-19T18:30:00.000Z,lunch,Roti,Veg Pulao,,,,,bread,rice,,,,,10,35,,,,,1,2,,,,,69e0a6cd2eab0b385a715b59,69e0a6cd2eab0b385a715b5a,,,,,80,80,completed,paid,,2026-01-19T18:30:00.000Z,2026-01-19T18:30:00.000Z,0,4,76
69e0a6cd2eab0b385a715b5b,69e0a6cc2eab0b385a715b37,69e0a6c62eab0b385a715ad4,2026-01-19T18:30:00.000Z,dinner,Dal Makhani,Mixed Veg Curry,,,,,dal,sabzi,,,,,55,45,,,,,1,2,,,,,69e0a6cd2eab0b385a715b5c,69e0a6cd2eab0b385a715b5d,,,,,145,145,completed,paid,,2026-01-19T18:30:00.000Z,2026-01-19T18:30:00.000Z,0,7,138
69e0a6cd2eab0b385a715b5e,69e0a6cc2eab0b385a715b37,69e0a6c62eab0b385a715ad4,2026-01-22T18:30:00.000Z,dinner,Veg Biryani,Rajma Masala,Garlic Naan,Ice Cream,Kadhai Paneer,,rice,dal,bread,dessert,sabzi,,55,50,18,30,65,,1,1,1,1,1,,69e0a6cd2eab0b385a715b5f,69e0a6cd2eab0b385a715b60,69e0a6cd2eab0b385a715b61,69e0a6cd2eab0b385a715b62,69e0a6cd2eab0b385a715b63,,218,218,completed,paid,,2026-01-22T18:30:00.000Z,2026-01-22T18:30:00.000Z,0,11,207
69e0a6cd2eab0b385a715b64,69e0a6cc2eab0b385a715b37,69e0a6c62eab0b385a715ad4,2026-01-23T18:30:00.000Z,lunch,Dal Fry,Aloo Matar,,,,,dal,sabzi,,,,,40,42,,,,,2,2,,,,,69e0a6cd2eab0b385a715b65,69e0a6cd2eab0b385a715b66,,,,,164,164,completed,paid,,2026-01-23T18:30:00.000Z,2026-01-23T18:30:00.000Z,0,8,156
69e0a6cd2eab0b385a715b67,69e0a6cc2eab0b385a715b37,69e0a6c62eab0b385a715ad4,2026-01-24T18:30:00.000Z,dinner,Butter Naan,Jeera Rice,Malai Kofta,Kheer,,,bread,rice,sabzi,dessert,,,15,30,70,30,,,2,2,1,2,,,69e0a6cd2eab0b385a715b68,69e0a6cd2eab0b385a715b69,69e0a6cd2eab0b385a715b6a,69e0a6cd2eab0b385a715b6b,,,220,220,completed,paid,,2026-01-24T18:30:00.000Z,2026-01-24T18:30:00.000Z,0,11,209
69e0a6cd2eab0b385a715b6c,69e0a6cc2eab0b385a715b37,69e0a6c62eab0b385a715ad4,2026-01-24T18:30:00.000Z,lunch,Paneer Butter Masala,Dal Tadka,Veg Biryani,Gulab Jamun,Garlic Naan,,sabzi,dal,rice,dessert,bread,,65,40,55,25,18,,2,1,2,1,2,,69e0a6cd2eab0b385a715b6d,69e0a6cd2eab0b385a715b6e,69e0a6cd2eab0b385a715b6f,69e0a6cd2eab0b385a715b70,69e0a6cd2eab0b385a715b71,,341,341,completed,paid,,2026-01-24T18:30:00.000Z,2026-01-24T18:30:00.000Z,0,17,324
69e0a6cd2eab0b385a715b72,69e0a6cc2eab0b385a715b37,69e0a6c62eab0b385a715ad4,2026-01-26T18:30:00.000Z,dinner,Garlic Naan,Dal Makhani,Mixed Veg Curry,Jeera Rice,,,bread,dal,sabzi,rice,,,18,55,45,30,,,1,1,2,1,,,69e0a6cd2eab0b385a715b73,69e0a6cd2eab0b385a715b74,69e0a6cd2eab0b385a715b75,69e0a6cd2eab0b385a715b76,,,193,193,completed,paid,,2026-01-26T18:30:00.000Z,2026-01-26T18:30:00.000Z,0,10,183
69e0a6cd2eab0b385a715b77,69e0a6cc2eab0b385a715b37,69e0a6c62eab0b385a715ad4,2026-01-26T18:30:00.000Z,dinner,Garlic Naan,Dal Makhani,Mixed Veg Curry,Jalebi,,,bread,dal,sabzi,dessert,,,18,55,45,25,,,1,2,1,1,,,69e0a6cd2eab0b385a715b78,69e0a6cd2eab0b385a715b79,69e0a6cd2eab0b385a715b7a,69e0a6cd2eab0b385a715b7b,,,198,198,completed,paid,,2026-01-26T18:30:00.000Z,2026-01-26T18:30:00.000Z,0,10,188
69e0a6cd2eab0b385a715b7c,69e0a6cc2eab0b385a715b37,69e0a6c62eab0b385a715ad4,2026-01-27T18:30:00.000Z,dinner,Roti,Veg Biryani,,,,,bread,rice,,,,,10,55,,,,,1,1,,,,,69e0a6cd2eab0b385a715b7d,69e0a6cd2eab0b385a715b7e,,,,,65,65,completed,paid,,2026-01-27T18:30:00.000Z,2026-01-27T18:30:00.000Z,0,3,62
69e0a6cd2eab0b385a715b7f,69e0a6cc2eab0b385a715b37,69e0a6c62eab0b385a715ad4,2026-01-28T18:30:00.000Z,lunch,Raita,Paratha,Jeera Rice,,,,side,bread,rice,,,,20,15,30,,,,1,1,1,,,,69e0a6cd2eab0b385a715b80,69e0a6cd2eab0b385a715b81,69e0a6cd2eab0b385a715b82,,,,65,65,completed,paid,,2026-01-28T18:30:00.000Z,2026-01-28T18:30:00.000Z,0,3,62
69e0a6cd2eab0b385a715b83,69e0a6cc2eab0b385a715b37,69e0a6c62eab0b385a715ad4,2026-01-28T18:30:00.000Z,lunch,Matar Paneer,Paratha,Jeera Rice,Raita,Masoor Dal,,sabzi,bread,rice,side,dal,,60,15,30,20,38,,1,1,1,1,1,,69e0a6cd2eab0b385a715b84,69e0a6cd2eab0b385a715b85,69e0a6cd2eab0b385a715b86,69e0a6cd2eab0b385a715b87,69e0a6cd2eab0b385a715b88,,163,163,completed,paid,,2026-01-28T18:30:00.000Z,2026-01-28T18:30:00.000Z,0,8,155
69e0a6cd2eab0b385a715b89,69e0a6cc2eab0b385a715b37,69e0a6c62eab0b385a715ad4,2026-01-28T18:30:00.000Z,dinner,Steamed Rice,Paneer Tikka Masala,Butter Naan,Rasmalai,,,rice,sabzi,bread,dessert,,,25,70,15,35,,,1,2,1,1,,,69e0a6cd2eab0b385a715b8a,69e0a6cd2eab0b385a715b8b,69e0a6cd2eab0b385a715b8c,69e0a6cd2eab0b385a715b8d,,,215,215,completed,paid,,2026-01-28T18:30:00.000Z,2026-01-28T18:30:00.000Z,0,11,204
69e0a6cd2eab0b385a715b8e,69e0a6cc2eab0b385a715b37,69e0a6c62eab0b385a715ad4,2026-01-28T18:30:00.000Z,dinner,Dal Tadka,Paneer Tikka Masala,Butter Naan,,,,dal,sabzi,bread,,,,40,70,15,,,,2,2,1,,,,69e0a6cd2eab0b385a715b8f,69e0a6cd2eab0b385a715b90,69e0a6cd2eab0b385a715b91,,,,235,235,completed,paid,,2026-01-28T18:30:00.000Z,2026-01-28T18:30:00.000Z,0,12,223
69e0a6cd2eab0b385a715b92,69e0a6cc2eab0b385a715b37,69e0a6c62eab0b385a715ad4,2026-01-29T18:30:00.000Z,lunch,Roti,Baingan Bharta,Shrikhand,Veg Pulao,Chana Dal,,bread,sabzi,dessert,rice,dal,,10,45,30,35,40,,2,1,1,1,2,,69e0a6cd2eab0b385a715b93,69e0a6cd2eab0b385a715b94,69e0a6cd2eab0b385a715b95,69e0a6cd2eab0b385a715b96,69e0a6cd2eab0b385a715b97,,210,210,completed,paid,,2026-01-29T18:30:00.000Z,2026-01-29T18:30:00.000Z,0,11,199
69e0a6cd2eab0b385a715b98,69e0a6cc2eab0b385a715b37,69e0a6c62eab0b385a715ad4,2026-01-29T18:30:00.000Z,dinner,Kadhai Paneer,Rajma Masala,Veg Biryani,,,,sabzi,dal,rice,,,,65,50,55,,,,1,2,1,,,,69e0a6cd2eab0b385a715b99,69e0a6cd2eab0b385a715b9a,69e0a6cd2eab0b385a715b9b,,,,220,220,completed,paid,,2026-01-29T18:30:00.000Z,2026-01-29T18:30:00.000Z,0,11,209
69e0a6cd2eab0b385a715b9c,69e0a6cc2eab0b385a715b37,69e0a6c62eab0b385a715ad4,2026-01-30T18:30:00.000Z,lunch,Roti,Fruit Custard,Jeera Rice,Aloo Matar,,,bread,dessert,rice,sabzi,,,10,30,30,42,,,1,1,2,1,,,69e0a6cd2eab0b385a715b9d,69e0a6cd2eab0b385a715b9e,69e0a6cd2eab0b385a715b9f,69e0a6cd2eab0b385a715ba0,,,142,142,completed,paid,,2026-01-30T18:30:00.000Z,2026-01-30T18:30:00.000Z,0,7,135
69e0a6cd2eab0b385a715ba1,69e0a6cc2eab0b385a715b37,69e0a6c62eab0b385a715ad4,2026-02-02T18:30:00.000Z,dinner,Dal Makhani,Mixed Veg Curry,,,,,dal,sabzi,,,,,55,45,,,,,1,1,,,,,69e0a6cd2eab0b385a715ba2,69e0a6cd2eab0b385a715ba3,,,,,100,100,completed,paid,,2026-02-02T18:30:00.000Z,2026-02-02T18:30:00.000Z,0,5,95
69e0a6cd2eab0b385a715ba4,69e0a6cc2eab0b385a715b37,69e0a6c62eab0b385a715ad4,2026-02-03T18:30:00.000Z,dinner,Roti,Veg Biryani,,,,,bread,rice,,,,,10,55,,,,,1,1,,,,,69e0a6cd2eab0b385a715ba5,69e0a6cd2eab0b385a715ba6,,,,,65,65,completed,paid,,2026-02-03T18:30:00.000Z,2026-02-03T18:30:00.000Z,0,3,62
69e0a6cd2eab0b385a715ba7,69e0a6cc2eab0b385a715b37,69e0a6c62eab0b385a715ad4,2026-02-03T18:30:00.000Z,lunch,Chole,Bhatura,,,,,sabzi,bread,,,,,50,20,,,,,1,1,,,,,69e0a6cd2eab0b385a715ba8,69e0a6cd2eab0b385a715ba9,,,,,70,70,completed,paid,,2026-02-03T18:30:00.000Z,2026-02-03T18:30:00.000Z,0,4,66
69e0a6cd2eab0b385a715baa,69e0a6cc2eab0b385a715b37,69e0a6c62eab0b385a715ad4,2026-02-03T18:30:00.000Z,lunch,Steamed Rice,Bhatura,,,,,rice,bread,,,,,25,20,,,,,2,1,,,,,69e0a6cd2eab0b385a715bab,69e0a6cd2eab0b385a715bac,,,,,70,70,completed,paid,,2026-02-03T18:30:00.000Z,2026-02-03T18:30:00.000Z,0,4,66
69e0a6cd2eab0b385a715bad,69e0a6cc2eab0b385a715b37,69e0a6c62eab0b385a715ad4,2026-02-04T18:30:00.000Z,lunch,Jeera Rice,Paratha,,,,,rice,bread,,,,,30,15,,,,,1,2,,,,,69e0a6cd2eab0b385a715bae,69e0a6cd2eab0b385a715baf,,,,,60,60,completed,paid,,2026-02-04T18:30:00.000Z,2026-02-04T18:30:00.000Z,0,3,57
69e0a6cd2eab0b385a715bb0,69e0a6cc2eab0b385a715b37,69e0a6c62eab0b385a715ad4,2026-02-05T18:30:00.000Z,lunch,Roti,Chana Dal,Veg Pulao,Shrikhand,,,bread,dal,rice,dessert,,,10,40,35,30,,,1,1,1,2,,,69e0a6cd2eab0b385a715bb1,69e0a6cd2eab0b385a715bb2,69e0a6cd2eab0b385a715bb3,69e0a6cd2eab0b385a715bb4,,,145,145,completed,paid,,2026-02-05T18:30:00.000Z,2026-02-05T18:30:00.000Z,0,7,138
69e0a6cd2eab0b385a715bb5,69e0a6cc2eab0b385a715b37,69e0a6c62eab0b385a715ad4,2026-02-05T18:30:00.000Z,lunch,Roti,Veg Pulao,Shrikhand,Baingan Bharta,,,bread,rice,dessert,sabzi,,,10,35,30,45,,,1,2,1,2,,,69e0a6cd2eab0b385a715bb6,69e0a6cd2eab0b385a715bb7,69e0a6cd2eab0b385a715bb8,69e0a6cd2eab0b385a715bb9,,,200,200,completed,paid,,2026-02-05T18:30:00.000Z,2026-02-05T18:30:00.000Z,0,10,190
69e0a6cd2eab0b385a715bba,69e0a6cc2eab0b385a715b37,69e0a6c62eab0b385a715ad4,2026-02-07T18:30:00.000Z,lunch,Dal Tadka,Raita,Garlic Naan,Gulab Jamun,Paneer Butter Masala,Veg Biryani,dal,side,bread,dessert,sabzi,rice,40,20,18,25,65,55,1,2,2,1,1,2,69e0a6cd2eab0b385a715bbb,69e0a6cd2eab0b385a715bbc,69e0a6cd2eab0b385a715bbd,69e0a6cd2eab0b385a715bbe,69e0a6cd2eab0b385a715bbf,69e0a6cd2eab0b385a715bc0,316,316,completed,paid,,2026-02-07T18:30:00.000Z,2026-02-07T18:30:00.000Z,0,16,300
69e0a6cd2eab0b385a715bc1,69e0a6cc2eab0b385a715b37,69e0a6c62eab0b385a715ad4,2026-02-07T18:30:00.000Z,dinner,Jeera Rice,Butter Naan,,,,,rice,bread,,,,,30,15,,,,,1,2,,,,,69e0a6cd2eab0b385a715bc2,69e0a6cd2eab0b385a715bc3,,,,,60,60,completed,paid,,2026-02-07T18:30:00.000Z,2026-02-07T18:30:00.000Z,0,3,57
69e0a6cd2eab0b385a715bc4,69e0a6cc2eab0b385a715b37,69e0a6c62eab0b385a715ad4,2026-02-07T18:30:00.000Z,lunch,Garlic Naan,Veg Biryani,Raita,,,,bread,rice,side,,,,18,55,20,,,,1,1,1,,,,69e0a6cd2eab0b385a715bc5,69e0a6cd2eab0b385a715bc6,69e0a6cd2eab0b385a715bc7,,,,93,93,completed,paid,,2026-02-07T18:30:00.000Z,2026-02-07T18:30:00.000Z,0,5,88
69e0a6cd2eab0b385a715bc8,69e0a6cc2eab0b385a715b37,69e0a6c62eab0b385a715ad4,2026-02-07T18:30:00.000Z,dinner,Jeera Rice,Butter Naan,Malai Kofta,,,,rice,bread,sabzi,,,,30,15,70,,,,1,1,1,,,,69e0a6cd2eab0b385a715bc9,69e0a6cd2eab0b385a715bca,69e0a6cd2eab0b385a715bcb,,,,115,115,completed,paid,,2026-02-07T18:30:00.000Z,2026-02-07T18:30:00.000Z,0,6,109
69e0a6cd2eab0b385a715bcc,69e0a6cc2eab0b385a715b37,69e0a6c62eab0b385a715ad4,2026-02-07T18:30:00.000Z,lunch,Dal Tadka,Raita,Paneer Butter Masala,Gulab Jamun,Veg Biryani,Garlic Naan,dal,side,sabzi,dessert,rice,bread,40,20,65,25,55,18,1,2,1,1,1,1,69e0a6cd2eab0b385a715bcd,69e0a6cd2eab0b385a715bce,69e0a6cd2eab0b385a715bcf,69e0a6cd2eab0b385a715bd0,69e0a6cd2eab0b385a715bd1,69e0a6cd2eab0b385a715bd2,243,243,completed,paid,,2026-02-07T18:30:00.000Z,2026-02-07T18:30:00.000Z,0,12,231
69e0a6cd2eab0b385a715bd3,69e0a6cc2eab0b385a715b37,69e0a6c62eab0b385a715ad4,2026-02-08T18:30:00.000Z,lunch,Roti,Aloo Gobi,,,,,bread,sabzi,,,,,10,45,,,,,1,2,,,,,69e0a6cd2eab0b385a715bd4,69e0a6cd2eab0b385a715bd5,,,,,100,100,completed,paid,,2026-02-08T18:30:00.000Z,2026-02-08T18:30:00.000Z,0,5,95
69e0a6cd2eab0b385a715bd6,69e0a6cc2eab0b385a715b37,69e0a6c62eab0b385a715ad4,2026-02-08T18:30:00.000Z,lunch,Dal Tadka,Aloo Gobi,,,,,dal,sabzi,,,,,40,45,,,,,2,1,,,,,69e0a6cd2eab0b385a715bd7,69e0a6cd2eab0b385a715bd8,,,,,125,125,completed,paid,,2026-02-08T18:30:00.000Z,2026-02-08T18:30:00.000Z,0,6,119
69e0a6cd2eab0b385a715bd9,69e0a6cc2eab0b385a715b37,69e0a6c62eab0b385a715ad4,2026-02-11T18:30:00.000Z,lunch,Jeera Rice,Paratha,,,,,rice,bread,,,,,30,15,,,,,1,1,,,,,69e0a6cd2eab0b385a715bda,69e0a6cd2eab0b385a715bdb,,,,,45,45,completed,paid,,2026-02-11T18:30:00.000Z,2026-02-11T18:30:00.000Z,0,2,43
69e0a6cd2eab0b385a715bdc,69e0a6cc2eab0b385a715b37,69e0a6c62eab0b385a715ad4,2026-02-12T18:30:00.000Z,lunch,Veg Pulao,Baingan Bharta,Roti,Chana Dal,,,rice,sabzi,bread,dal,,,35,45,10,40,,,1,1,1,2,,,69e0a6cd2eab0b385a715bdd,69e0a6cd2eab0b385a715bde,69e0a6cd2eab0b385a715bdf,69e0a6cd2eab0b385a715be0,,,170,170,completed,paid,,2026-02-12T18:30:00.000Z,2026-02-12T18:30:00.000Z,0,9,161
69e0a6cd2eab0b385a715be1,69e0a6cc2eab0b385a715b37,69e0a6c62eab0b385a715ad4,2026-02-13T18:30:00.000Z,dinner,Butter Naan,Steamed Rice,Rasmalai,,,,bread,rice,dessert,,,,15,25,35,,,,2,2,1,,,,69e0a6cd2eab0b385a715be2,69e0a6cd2eab0b385a715be3,69e0a6cd2eab0b385a715be4,,,,115,115,completed,paid,,2026-02-13T18:30:00.000Z,2026-02-13T18:30:00.000Z,0,6,109
69e0a6cd2eab0b385a715be5,69e0a6cc2eab0b385a715b37,69e0a6c62eab0b385a715ad4,2026-02-13T18:30:00.000Z,dinner,Butter Naan,Dal Makhani,Rasmalai,Shahi Paneer,Steamed Rice,,bread,dal,dessert,sabzi,rice,,15,55,35,70,25,,1,1,1,2,2,,69e0a6cd2eab0b385a715be6,69e0a6cd2eab0b385a715be7,69e0a6cd2eab0b385a715be8,69e0a6cd2eab0b385a715be9,69e0a6cd2eab0b385a715bea,,295,295,completed,paid,,2026-02-13T18:30:00.000Z,2026-02-13T18:30:00.000Z,0,15,280
69e0a6cd2eab0b385a715beb,69e0a6cc2eab0b385a715b37,69e0a6c62eab0b385a715ad4,2026-02-13T18:30:00.000Z,lunch,Dal Fry,Aloo Matar,Jeera Rice,Roti,Fruit Custard,,dal,sabzi,rice,bread,dessert,,40,42,30,10,30,,1,1,1,1,2,,69e0a6cd2eab0b385a715bec,69e0a6cd2eab0b385a715bed,69e0a6cd2eab0b385a715bee,69e0a6cd2eab0b385a715bef,69e0a6cd2eab0b385a715bf0,,182,182,completed,paid,,2026-02-13T18:30:00.000Z,2026-02-13T18:30:00.000Z,0,9,173
69e0a6cd2eab0b385a715bf1,69e0a6cc2eab0b385a715b37,69e0a6c62eab0b385a715ad4,2026-02-16T18:30:00.000Z,dinner,Dal Makhani,Mixed Veg Curry,Garlic Naan,Jalebi,,,dal,sabzi,bread,dessert,,,55,45,18,25,,,2,1,1,2,,,69e0a6cd2eab0b385a715bf2,69e0a6cd2eab0b385a715bf3,69e0a6cd2eab0b385a715bf4,69e0a6cd2eab0b385a715bf5,,,223,223,completed,paid,,2026-02-16T18:30:00.000Z,2026-02-16T18:30:00.000Z,0,11,212
69e0a6cd2eab0b385a715bf6,69e0a6cc2eab0b385a715b37,69e0a6c62eab0b385a715ad4,2026-02-17T18:30:00.000Z,lunch,Moong Dal,Chole,Lassi,Steamed Rice,,,dal,sabzi,side,rice,,,38,50,25,25,,,1,1,1,1,,,69e0a6cd2eab0b385a715bf7,69e0a6cd2eab0b385a715bf8,69e0a6cd2eab0b385a715bf9,69e0a6cd2eab0b385a715bfa,,,138,138,completed,paid,,2026-02-17T18:30:00.000Z,2026-02-17T18:30:00.000Z,0,7,131
69e0a6cd2eab0b385a715bfb,69e0a6cc2eab0b385a715b37,69e0a6c62eab0b385a715ad4,2026-02-18T18:30:00.000Z,dinner,Dal Tadka,Paneer Tikka Masala,,,,,dal,sabzi,,,,,40,70,,,,,1,1,,,,,69e0a6cd2eab0b385a715bfc,69e0a6cd2eab0b385a715bfd,,,,,110,110,completed,paid,,2026-02-18T18:30:00.000Z,2026-02-18T18:30:00.000Z,0,6,104
69e0a6cd2eab0b385a715bfe,69e0a6cc2eab0b385a715b37,69e0a6c62eab0b385a715ad4,2026-02-18T18:30:00.000Z,dinner,Dal Tadka,Paneer Tikka Masala,,,,,dal,sabzi,,,,,40,70,,,,,2,1,,,,,69e0a6cd2eab0b385a715bff,69e0a6cd2eab0b385a715c00,,,,,150,150,completed,paid,,2026-02-18T18:30:00.000Z,2026-02-18T18:30:00.000Z,0,8,142
69e0a6cd2eab0b385a715c01,69e0a6cc2eab0b385a715b37,69e0a6c62eab0b385a715ad4,2026-02-19T18:30:00.000Z,dinner,Veg Biryani,Garlic Naan,,,,,rice,bread,,,,,55,18,,,,,1,2,,,,,69e0a6cd2eab0b385a715c02,69e0a6cd2eab0b385a715c03,,,,,91,91,completed,paid,,2026-02-19T18:30:00.000Z,2026-02-19T18:30:00.000Z,0,5,86
69e0a6cd2eab0b385a715c04,69e0a6cc2eab0b385a715b37,69e0a6c62eab0b385a715ad4,2026-02-19T18:30:00.000Z,lunch,Shrikhand,Roti,Veg Pulao,Baingan Bharta,Chana Dal,,dessert,bread,rice,sabzi,dal,,30,10,35,45,40,,1,1,2,2,2,,69e0a6cd2eab0b385a715c05,69e0a6cd2eab0b385a715c06,69e0a6cd2eab0b385a715c07,69e0a6cd2eab0b385a715c08,69e0a6cd2eab0b385a715c09,,280,280,completed,paid,,2026-02-19T18:30:00.000Z,2026-02-19T18:30:00.000Z,0,14,266
69e0a6cd2eab0b385a715c0a,69e0a6cc2eab0b385a715b37,69e0a6c62eab0b385a715ad4,2026-02-20T18:30:00.000Z,dinner,Steamed Rice,Butter Naan,,,,,rice,bread,,,,,25,15,,,,,1,1,,,,,69e0a6cd2eab0b385a715c0b,69e0a6cd2eab0b385a715c0c,,,,,40,40,completed,paid,,2026-02-20T18:30:00.000Z,2026-02-20T18:30:00.000Z,0,2,38
69e0a6cd2eab0b385a715c0d,69e0a6cc2eab0b385a715b37,69e0a6c62eab0b385a715ad4,2026-02-20T18:30:00.000Z,dinner,Dal Makhani,Steamed Rice,Rasmalai,,,,dal,rice,dessert,,,,55,25,35,,,,2,2,1,,,,69e0a6cd2eab0b385a715c0e,69e0a6cd2eab0b385a715c0f,69e0a6cd2eab0b385a715c10,,,,195,195,completed,paid,,2026-02-20T18:30:00.000Z,2026-02-20T18:30:00.000Z,0,10,185
69e0a6cd2eab0b385a715c11,69e0a6cc2eab0b385a715b37,69e0a6c62eab0b385a715ad4,2026-02-22T18:30:00.000Z,lunch,Jeera Rice,Roti,Aloo Gobi,Dal Tadka,,,rice,bread,sabzi,dal,,,30,10,45,40,,,1,1,1,1,,,69e0a6cd2eab0b385a715c12,69e0a6cd2eab0b385a715c13,69e0a6cd2eab0b385a715c14,69e0a6cd2eab0b385a715c15,,,125,125,completed,paid,,2026-02-22T18:30:00.000Z,2026-02-22T18:30:00.000Z,0,6,119
69e0a6cd2eab0b385a715c16,69e0a6cc2eab0b385a715b37,69e0a6c62eab0b385a715ad4,2026-02-23T18:30:00.000Z,lunch,Roti,Veg Pulao,,,,,bread,rice,,,,,10,35,,,,,1,1,,,,,69e0a6cd2eab0b385a715c17,69e0a6cd2eab0b385a715c18,,,,,45,45,completed,paid,,2026-02-23T18:30:00.000Z,2026-02-23T18:30:00.000Z,0,2,43
69e0a6cd2eab0b385a715c19,69e0a6cc2eab0b385a715b37,69e0a6c62eab0b385a715ad4,2026-02-24T18:30:00.000Z,lunch,Moong Dal,Chole,,,,,dal,sabzi,,,,,38,50,,,,,1,1,,,,,69e0a6cd2eab0b385a715c1a,69e0a6cd2eab0b385a715c1b,,,,,88,88,completed,paid,,2026-02-24T18:30:00.000Z,2026-02-24T18:30:00.000Z,0,4,84
69e0a6cd2eab0b385a715c1c,69e0a6cc2eab0b385a715b37,69e0a6c62eab0b385a715ad4,2026-02-24T18:30:00.000Z,lunch,Lassi,Bhatura,Moong Dal,Chole,Steamed Rice,,side,bread,dal,sabzi,rice,,25,20,38,50,25,,1,1,1,2,1,,69e0a6cd2eab0b385a715c1d,69e0a6cd2eab0b385a715c1e,69e0a6cd2eab0b385a715c1f,69e0a6cd2eab0b385a715c20,69e0a6cd2eab0b385a715c21,,208,208,completed,paid,,2026-02-24T18:30:00.000Z,2026-02-24T18:30:00.000Z,0,10,198
69e0a6cd2eab0b385a715c22,69e0a6cc2eab0b385a715b37,69e0a6c62eab0b385a715ad4,2026-02-25T18:30:00.000Z,dinner,Paneer Tikka Masala,Steamed Rice,Rasmalai,Dal Tadka,Butter Naan,,sabzi,rice,dessert,dal,bread,,70,25,35,40,15,,1,2,2,2,1,,69e0a6cd2eab0b385a715c23,69e0a6cd2eab0b385a715c24,69e0a6cd2eab0b385a715c25,69e0a6cd2eab0b385a715c26,69e0a6cd2eab0b385a715c27,,285,285,completed,paid,,2026-02-25T18:30:00.000Z,2026-02-25T18:30:00.000Z,0,14,271
69e0a6cd2eab0b385a715c28,69e0a6cc2eab0b385a715b37,69e0a6c62eab0b385a715ad4,2026-02-27T18:30:00.000Z,lunch,Dal Fry,Aloo Matar,,,,,dal,sabzi,,,,,40,42,,,,,1,1,,,,,69e0a6cd2eab0b385a715c29,69e0a6cd2eab0b385a715c2a,,,,,82,82,completed,paid,,2026-02-27T18:30:00.000Z,2026-02-27T18:30:00.000Z,0,4,78
69e0a6cd2eab0b385a715c2b,69e0a6cc2eab0b385a715b37,69e0a6c62eab0b385a715ad4,2026-02-27T18:30:00.000Z,dinner,Butter Naan,Steamed Rice,Rasmalai,,,,bread,rice,dessert,,,,15,25,35,,,,2,2,1,,,,69e0a6cd2eab0b385a715c2c,69e0a6cd2eab0b385a715c2d,69e0a6cd2eab0b385a715c2e,,,,115,115,completed,paid,,2026-02-27T18:30:00.000Z,2026-02-27T18:30:00.000Z,0,6,109
69e0a6cd2eab0b385a715c2f,69e0a6cc2eab0b385a715b37,69e0a6c62eab0b385a715ad4,2026-02-28T18:30:00.000Z,dinner,Jeera Rice,Papad,,,,,rice,side,,,,,30,10,,,,,1,1,,,,,69e0a6cd2eab0b385a715c30,69e0a6cd2eab0b385a715c31,,,,,40,40,completed,paid,,2026-02-28T18:30:00.000Z,2026-02-28T18:30:00.000Z,0,2,38
69e0a6cd2eab0b385a715c32,69e0a6cc2eab0b385a715b37,69e0a6c62eab0b385a715ad4,2026-02-28T18:30:00.000Z,lunch,Paneer Butter Masala,Garlic Naan,Dal Tadka,Gulab Jamun,Raita,,sabzi,bread,dal,dessert,side,,65,18,40,25,20,,2,1,1,2,1,,69e0a6cd2eab0b385a715c33,69e0a6cd2eab0b385a715c34,69e0a6cd2eab0b385a715c35,69e0a6cd2eab0b385a715c36,69e0a6cd2eab0b385a715c37,,258,258,completed,paid,,2026-02-28T18:30:00.000Z,2026-02-28T18:30:00.000Z,0,13,245
69e0a6cd2eab0b385a715c38,69e0a6cc2eab0b385a715b37,69e0a6c62eab0b385a715ad4,2026-02-28T18:30:00.000Z,lunch,Raita,Dal Tadka,Gulab Jamun,,,,side,dal,dessert,,,,20,40,25,,,,1,2,1,,,,69e0a6cd2eab0b385a715c39,69e0a6cd2eab0b385a715c3a,69e0a6cd2eab0b385a715c3b,,,,125,125,completed,paid,,2026-02-28T18:30:00.000Z,2026-02-28T18:30:00.000Z,0,6,119
69e0a6cd2eab0b385a715c3c,69e0a6cc2eab0b385a715b37,69e0a6c62eab0b385a715ad4,2026-03-01T18:30:00.000Z,dinner,Rajma Masala,Palak Paneer,,,,,dal,sabzi,,,,,50,60,,,,,2,1,,,,,69e0a6cd2eab0b385a715c3d,69e0a6cd2eab0b385a715c3e,,,,,160,160,completed,paid,,2026-03-01T18:30:00.000Z,2026-03-01T18:30:00.000Z,0,8,152
69e0a6cd2eab0b385a715c3f,69e0a6cc2eab0b385a715b37,69e0a6c62eab0b385a715ad4,2026-03-02T18:30:00.000Z,dinner,Garlic Naan,Dal Makhani,Jalebi,Mixed Veg Curry,Jeera Rice,,bread,dal,dessert,sabzi,rice,,18,55,25,45,30,,1,2,1,1,1,,69e0a6cd2eab0b385a715c40,69e0a6cd2eab0b385a715c41,69e0a6cd2eab0b385a715c42,69e0a6cd2eab0b385a715c43,69e0a6cd2eab0b385a715c44,,228,228,completed,paid,,2026-03-02T18:30:00.000Z,2026-03-02T18:30:00.000Z,0,11,217
69e0a6cd2eab0b385a715c45,69e0a6cc2eab0b385a715b37,69e0a6c62eab0b385a715ad4,2026-03-02T18:30:00.000Z,dinner,Dal Makhani,Mixed Veg Curry,Jeera Rice,,,,dal,sabzi,rice,,,,55,45,30,,,,1,1,1,,,,69e0a6cd2eab0b385a715c46,69e0a6cd2eab0b385a715c47,69e0a6cd2eab0b385a715c48,,,,130,130,completed,paid,,2026-03-02T18:30:00.000Z,2026-03-02T18:30:00.000Z,0,7,123
69e0a6cd2eab0b385a715c49,69e0a6cc2eab0b385a715b37,69e0a6c62eab0b385a715ad4,2026-03-02T18:30:00.000Z,dinner,Dal Makhani,Garlic Naan,Jalebi,Mixed Veg Curry,,,dal,bread,dessert,sabzi,,,55,18,25,45,,,2,2,1,2,,,69e0a6cd2eab0b385a715c4a,69e0a6cd2eab0b385a715c4b,69e0a6cd2eab0b385a715c4c,69e0a6cd2eab0b385a715c4d,,,261,261,completed,paid,,2026-03-02T18:30:00.000Z,2026-03-02T18:30:00.000Z,0,13,248
69e0a6cd2eab0b385a715c4e,69e0a6cc2eab0b385a715b37,69e0a6c62eab0b385a715ad4,2026-03-03T18:30:00.000Z,lunch,Steamed Rice,Chole,,,,,rice,sabzi,,,,,25,50,,,,,2,1,,,,,69e0a6cd2eab0b385a715c4f,69e0a6cd2eab0b385a715c50,,,,,100,100,completed,paid,,2026-03-03T18:30:00.000Z,2026-03-03T18:30:00.000Z,0,5,95
69e0a6cd2eab0b385a715c51,69e0a6cc2eab0b385a715b37,69e0a6c62eab0b385a715ad4,2026-03-05T18:30:00.000Z,dinner,Garlic Naan,Veg Biryani,Kadhai Paneer,,,,bread,rice,sabzi,,,,18,55,65,,,,1,1,2,,,,69e0a6cd2eab0b385a715c52,69e0a6cd2eab0b385a715c53,69e0a6cd2eab0b385a715c54,,,,203,203,completed,paid,,2026-03-05T18:30:00.000Z,2026-03-05T18:30:00.000Z,0,10,193
69e0a6cd2eab0b385a715c55,69e0a6cc2eab0b385a715b37,69e0a6c62eab0b385a715ad4,2026-03-06T18:30:00.000Z,lunch,Aloo Matar,Roti,,,,,sabzi,bread,,,,,42,10,,,,,1,1,,,,,69e0a6cd2eab0b385a715c56,69e0a6cd2eab0b385a715c57,,,,,52,52,completed,paid,,2026-03-06T18:30:00.000Z,2026-03-06T18:30:00.000Z,0,3,49
69e0a6cd2eab0b385a715c58,69e0a6cc2eab0b385a715b37,69e0a6c62eab0b385a715ad4,2026-03-08T18:30:00.000Z,lunch,Dal Tadka,Roti,,,,,dal,bread,,,,,40,10,,,,,1,1,,,,,69e0a6cd2eab0b385a715c59,69e0a6cd2eab0b385a715c5a,,,,,50,50,completed,paid,,2026-03-08T18:30:00.000Z,2026-03-08T18:30:00.000Z,0,3,47
69e0a6cd2eab0b385a715c5b,69e0a6cc2eab0b385a715b37,69e0a6c62eab0b385a715ad4,2026-03-08T18:30:00.000Z,dinner,Palak Paneer,Rajma Masala,,,,,sabzi,dal,,,,,60,50,,,,,1,1,,,,,69e0a6cd2eab0b385a715c5c,69e0a6cd2eab0b385a715c5d,,,,,110,110,completed,paid,,2026-03-08T18:30:00.000Z,2026-03-08T18:30:00.000Z,0,6,104
69e0a6cd2eab0b385a715c5e,69e0a6cc2eab0b385a715b37,69e0a6c62eab0b385a715ad4,2026-03-08T18:30:00.000Z,dinner,Kheer,Rajma Masala,Butter Naan,Palak Paneer,Steamed Rice,,dessert,dal,bread,sabzi,rice,,30,50,15,60,25,,1,2,1,1,1,,69e0a6cd2eab0b385a715c5f,69e0a6cd2eab0b385a715c60,69e0a6cd2eab0b385a715c61,69e0a6cd2eab0b385a715c62,69e0a6cd2eab0b385a715c63,,230,230,completed,paid,,2026-03-08T18:30:00.000Z,2026-03-08T18:30:00.000Z,0,12,218
69e0a6cd2eab0b385a715c64,69e0a6cc2eab0b385a715b37,69e0a6c62eab0b385a715ad4,2026-03-09T18:30:00.000Z,dinner,Dal Makhani,Mixed Veg Curry,,,,,dal,sabzi,,,,,55,45,,,,,1,1,,,,,69e0a6cd2eab0b385a715c65,69e0a6cd2eab0b385a715c66,,,,,100,100,completed,paid,,2026-03-09T18:30:00.000Z,2026-03-09T18:30:00.000Z,0,5,95
69e0a6cd2eab0b385a715c67,69e0a6cc2eab0b385a715b37,69e0a6c62eab0b385a715ad4,2026-03-10T18:30:00.000Z,lunch,Lassi,Bhatura,Steamed Rice,Chole,Moong Dal,,side,bread,rice,sabzi,dal,,25,20,25,50,38,,1,1,2,1,1,,69e0a6cd2eab0b385a715c68,69e0a6cd2eab0b385a715c69,69e0a6cd2eab0b385a715c6a,69e0a6cd2eab0b385a715c6b,69e0a6cd2eab0b385a715c6c,,183,183,completed,paid,,2026-03-10T18:30:00.000Z,2026-03-10T18:30:00.000Z,0,9,174
69e0a6cd2eab0b385a715c6d,69e0a6cc2eab0b385a715b37,69e0a6c62eab0b385a715ad4,2026-03-10T18:30:00.000Z,dinner,Roti,Veg Biryani,,,,,bread,rice,,,,,10,55,,,,,1,1,,,,,69e0a6cd2eab0b385a715c6e,69e0a6cd2eab0b385a715c6f,,,,,65,65,completed,paid,,2026-03-10T18:30:00.000Z,2026-03-10T18:30:00.000Z,0,3,62
69e0a6cd2eab0b385a715c70,69e0a6cc2eab0b385a715b37,69e0a6c62eab0b385a715ad4,2026-03-11T18:30:00.000Z,lunch,Raita,Paratha,Jeera Rice,,,,side,bread,rice,,,,20,15,30,,,,1,1,1,,,,69e0a6cd2eab0b385a715c71,69e0a6cd2eab0b385a715c72,69e0a6cd2eab0b385a715c73,,,,65,65,completed,paid,,2026-03-11T18:30:00.000Z,2026-03-11T18:30:00.000Z,0,3,62
69e0a6cd2eab0b385a715c74,69e0a6cc2eab0b385a715b37,69e0a6c62eab0b385a715ad4,2026-03-12T18:30:00.000Z,lunch,Veg Pulao,Baingan Bharta,Roti,Shrikhand,Chana Dal,,rice,sabzi,bread,dessert,dal,,35,45,10,30,40,,1,1,1,2,2,,69e0a6cd2eab0b385a715c75,69e0a6cd2eab0b385a715c76,69e0a6cd2eab0b385a715c77,69e0a6cd2eab0b385a715c78,69e0a6cd2eab0b385a715c79,,230,230,completed,paid,,2026-03-12T18:30:00.000Z,2026-03-12T18:30:00.000Z,0,12,218
69e0a6cd2eab0b385a715c7a,69e0a6cc2eab0b385a715b37,69e0a6c62eab0b385a715ad4,2026-03-14T18:30:00.000Z,lunch,Paneer Butter Masala,Dal Tadka,Raita,Garlic Naan,,,sabzi,dal,side,bread,,,65,40,20,18,,,1,2,1,1,,,69e0a6cd2eab0b385a715c7b,69e0a6cd2eab0b385a715c7c,69e0a6cd2eab0b385a715c7d,69e0a6cd2eab0b385a715c7e,,,183,183,completed,paid,,2026-03-14T18:30:00.000Z,2026-03-14T18:30:00.000Z,0,9,174
69e0a6cd2eab0b385a715c7f,69e0a6cc2eab0b385a715b37,69e0a6c62eab0b385a715ad4,2026-03-15T18:30:00.000Z,lunch,Roti,Dal Tadka,Aloo Gobi,Gulab Jamun,,,bread,dal,sabzi,dessert,,,10,40,45,25,,,1,1,1,1,,,69e0a6cd2eab0b385a715c80,69e0a6cd2eab0b385a715c81,69e0a6cd2eab0b385a715c82,69e0a6cd2eab0b385a715c83,,,120,120,completed,paid,,2026-03-15T18:30:00.000Z,2026-03-15T18:30:00.000Z,0,6,114
69e0a6cd2eab0b385a715c84,69e0a6cc2eab0b385a715b37,69e0a6c62eab0b385a715ad4,2026-03-17T18:30:00.000Z,dinner,Gulab Jamun,Bhindi Masala,,,,,dessert,sabzi,,,,,25,45,,,,,1,2,,,,,69e0a6cd2eab0b385a715c85,69e0a6cd2eab0b385a715c86,,,,,115,115,completed,paid,,2026-03-17T18:30:00.000Z,2026-03-17T18:30:00.000Z,0,6,109
69e0a6cd2eab0b385a715c87,69e0a6cc2eab0b385a715b37,69e0a6c62eab0b385a715ad4,2026-03-18T18:30:00.000Z,dinner,Dal Tadka,Butter Naan,,,,,dal,bread,,,,,40,15,,,,,1,1,,,,,69e0a6cd2eab0b385a715c88,69e0a6cd2eab0b385a715c89,,,,,55,55,completed,paid,,2026-03-18T18:30:00.000Z,2026-03-18T18:30:00.000Z,0,3,52
69e0a6cd2eab0b385a715c8a,69e0a6cc2eab0b385a715b37,69e0a6c62eab0b385a715ad4,2026-03-20T18:30:00.000Z,lunch,Fruit Custard,Jeera Rice,,,,,dessert,rice,,,,,30,30,,,,,1,2,,,,,69e0a6cd2eab0b385a715c8b,69e0a6cd2eab0b385a715c8c,,,,,90,90,completed,paid,,2026-03-20T18:30:00.000Z,2026-03-20T18:30:00.000Z,0,5,85
69e0a6cd2eab0b385a715c8d,69e0a6cc2eab0b385a715b37,69e0a6c62eab0b385a715ad4,2026-03-21T18:30:00.000Z,lunch,Raita,Gulab Jamun,,,,,side,dessert,,,,,20,25,,,,,2,1,,,,,69e0a6cd2eab0b385a715c8e,69e0a6cd2eab0b385a715c8f,,,,,65,65,completed,paid,,2026-03-21T18:30:00.000Z,2026-03-21T18:30:00.000Z,0,3,62
69e0a6cd2eab0b385a715c90,69e0a6cc2eab0b385a715b37,69e0a6c62eab0b385a715ad4,2026-03-21T18:30:00.000Z,lunch,Gulab Jamun,Garlic Naan,Veg Biryani,Paneer Butter Masala,,,dessert,bread,rice,sabzi,,,25,18,55,65,,,1,2,1,2,,,69e0a6cd2eab0b385a715c91,69e0a6cd2eab0b385a715c92,69e0a6cd2eab0b385a715c93,69e0a6cd2eab0b385a715c94,,,246,246,completed,paid,,2026-03-21T18:30:00.000Z,2026-03-21T18:30:00.000Z,0,12,234
69e0a6cd2eab0b385a715c95,69e0a6cc2eab0b385a715b37,69e0a6c62eab0b385a715ad4,2026-03-24T18:30:00.000Z,dinner,Gulab Jamun,Roti,,,,,dessert,bread,,,,,25,10,,,,,1,2,,,,,69e0a6cd2eab0b385a715c96,69e0a6cd2eab0b385a715c97,,,,,45,45,completed,paid,,2026-03-24T18:30:00.000Z,2026-03-24T18:30:00.000Z,0,2,43
69e0a6cd2eab0b385a715c98,69e0a6cc2eab0b385a715b37,69e0a6c62eab0b385a715ad4,2026-03-24T18:30:00.000Z,dinner,Bhindi Masala,Toor Dal Fry,,,,,sabzi,dal,,,,,45,42,,,,,1,1,,,,,69e0a6cd2eab0b385a715c99,69e0a6cd2eab0b385a715c9a,,,,,87,87,completed,paid,,2026-03-24T18:30:00.000Z,2026-03-24T18:30:00.000Z,0,4,83
69e0a6cd2eab0b385a715c9b,69e0a6cc2eab0b385a715b37,69e0a6c62eab0b385a715ad4,2026-03-24T18:30:00.000Z,dinner,Bhindi Masala,Veg Biryani,,,,,sabzi,rice,,,,,45,55,,,,,1,2,,,,,69e0a6cd2eab0b385a715c9c,69e0a6cd2eab0b385a715c9d,,,,,155,155,completed,paid,,2026-03-24T18:30:00.000Z,2026-03-24T18:30:00.000Z,0,8,147
69e0a6cd2eab0b385a715c9e,69e0a6cc2eab0b385a715b37,69e0a6c62eab0b385a715ad4,2026-03-26T18:30:00.000Z,lunch,Chana Dal,Baingan Bharta,Veg Pulao,Roti,,,dal,sabzi,rice,bread,,,40,45,35,10,,,2,1,1,1,,,69e0a6cd2eab0b385a715c9f,69e0a6cd2eab0b385a715ca0,69e0a6cd2eab0b385a715ca1,69e0a6cd2eab0b385a715ca2,,,170,170,completed,paid,,2026-03-26T18:30:00.000Z,2026-03-26T18:30:00.000Z,0,9,161
69e0a6cd2eab0b385a715ca3,69e0a6cc2eab0b385a715b37,69e0a6c62eab0b385a715ad4,2026-03-28T18:30:00.000Z,dinner,Jeera Rice,Malai Kofta,,,,,rice,sabzi,,,,,30,70,,,,,1,2,,,,,69e0a6cd2eab0b385a715ca4,69e0a6cd2eab0b385a715ca5,,,,,170,170,completed,paid,,2026-03-28T18:30:00.000Z,2026-03-28T18:30:00.000Z,0,9,161
69e0a6cd2eab0b385a715ca6,69e0a6cc2eab0b385a715b37,69e0a6c62eab0b385a715ad4,2026-03-28T18:30:00.000Z,lunch,Veg Biryani,Paneer Butter Masala,Garlic Naan,,,,rice,sabzi,bread,,,,55,65,18,,,,2,1,2,,,,69e0a6cd2eab0b385a715ca7,69e0a6cd2eab0b385a715ca8,69e0a6cd2eab0b385a715ca9,,,,211,211,completed,paid,,2026-03-28T18:30:00.000Z,2026-03-28T18:30:00.000Z,0,11,200
69e0a6cd2eab0b385a715caa,69e0a6cc2eab0b385a715b37,69e0a6c62eab0b385a715ad4,2026-03-29T18:30:00.000Z,dinner,Steamed Rice,Butter Naan,,,,,rice,bread,,,,,25,15,,,,,2,1,,,,,69e0a6cd2eab0b385a715cab,69e0a6cd2eab0b385a715cac,,,,,65,65,completed,paid,,2026-03-29T18:30:00.000Z,2026-03-29T18:30:00.000Z,0,3,62
69e0a6cd2eab0b385a715cad,69e0a6cc2eab0b385a715b37,69e0a6c62eab0b385a715ad4,2026-03-30T18:30:00.000Z,dinner,Jalebi,Dal Makhani,Mixed Veg Curry,Jeera Rice,Garlic Naan,,dessert,dal,sabzi,rice,bread,,25,55,45,30,18,,1,1,1,1,1,,69e0a6cd2eab0b385a715cae,69e0a6cd2eab0b385a715caf,69e0a6cd2eab0b385a715cb0,69e0a6cd2eab0b385a715cb1,69e0a6cd2eab0b385a715cb2,,173,173,completed,paid,,2026-03-30T18:30:00.000Z,2026-03-30T18:30:00.000Z,0,9,164
69e0a6cd2eab0b385a715cb3,69e0a6cc2eab0b385a715b37,69e0a6c62eab0b385a715ad4,2026-04-04T18:30:00.000Z,dinner,Jeera Rice,Malai Kofta,Kheer,,,,rice,sabzi,dessert,,,,30,70,30,,,,1,1,1,,,,69e0a6cd2eab0b385a715cb4,69e0a6cd2eab0b385a715cb5,69e0a6cd2eab0b385a715cb6,,,,130,130,completed,paid,,2026-04-04T18:30:00.000Z,2026-04-04T18:30:00.000Z,0,7,123
69e0a6cd2eab0b385a715cb7,69e0a6cc2eab0b385a715b37,69e0a6c62eab0b385a715ad4,2026-04-04T18:30:00.000Z,lunch,Dal Tadka,Garlic Naan,Raita,Gulab Jamun,Paneer Butter Masala,,dal,bread,side,dessert,sabzi,,40,18,20,25,65,,1,1,1,2,1,,69e0a6cd2eab0b385a715cb8,69e0a6cd2eab0b385a715cb9,69e0a6cd2eab0b385a715cba,69e0a6cd2eab0b385a715cbb,69e0a6cd2eab0b385a715cbc,,193,193,completed,paid,,2026-04-04T18:30:00.000Z,2026-04-04T18:30:00.000Z,0,10,183
69e0a6cd2eab0b385a715cbd,69e0a6cc2eab0b385a715b37,69e0a6c62eab0b385a715ad4,2026-04-04T18:30:00.000Z,dinner,Kheer,Malai Kofta,,,,,dessert,sabzi,,,,,30,70,,,,,1,1,,,,,69e0a6cd2eab0b385a715cbe,69e0a6cd2eab0b385a715cbf,,,,,100,100,completed,paid,,2026-04-04T18:30:00.000Z,2026-04-04T18:30:00.000Z,0,5,95
69e0a6cd2eab0b385a715cc0,69e0a6cc2eab0b385a715b37,69e0a6c62eab0b385a715ad4,2026-04-07T18:30:00.000Z,dinner,Roti,Bhindi Masala,Toor Dal Fry,,,,bread,sabzi,dal,,,,10,45,42,,,,2,1,1,,,,69e0a6cd2eab0b385a715cc1,69e0a6cd2eab0b385a715cc2,69e0a6cd2eab0b385a715cc3,,,,107,107,completed,paid,,2026-04-07T18:30:00.000Z,2026-04-07T18:30:00.000Z,0,5,102
69e0a6cd2eab0b385a715cc4,69e0a6cc2eab0b385a715b37,69e0a6c62eab0b385a715ad4,2026-04-10T18:30:00.000Z,dinner,Dal Makhani,Butter Naan,Steamed Rice,Rasmalai,,,dal,bread,rice,dessert,,,55,15,25,35,,,1,1,1,2,,,69e0a6cd2eab0b385a715cc5,69e0a6cd2eab0b385a715cc6,69e0a6cd2eab0b385a715cc7,69e0a6cd2eab0b385a715cc8,,,165,165,completed,paid,,2026-04-10T18:30:00.000Z,2026-04-10T18:30:00.000Z,0,8,157
69e0a6cd2eab0b385a715cc9,69e0a6cc2eab0b385a715b37,69e0a6c62eab0b385a715ad4,2026-04-12T18:30:00.000Z,dinner,Rajma Masala,Butter Naan,Palak Paneer,Kheer,Steamed Rice,,dal,bread,sabzi,dessert,rice,,50,15,60,30,25,,1,1,1,1,2,,69e0a6cd2eab0b385a715cca,69e0a6cd2eab0b385a715ccb,69e0a6cd2eab0b385a715ccc,69e0a6cd2eab0b385a715ccd,69e0a6cd2eab0b385a715cce,,205,205,completed,paid,,2026-04-12T18:30:00.000Z,2026-04-12T18:30:00.000Z,0,10,195
69e0a6cd2eab0b385a715ccf,69e0a6cc2eab0b385a715b37,69e0a6c62eab0b385a715ad4,2026-04-13T18:30:00.000Z,dinner,Jalebi,Mixed Veg Curry,,,,,dessert,sabzi,,,,,25,45,,,,,1,2,,,,,69e0a6cd2eab0b385a715cd0,69e0a6cd2eab0b385a715cd1,,,,,115,115,completed,paid,,2026-04-13T18:30:00.000Z,2026-04-13T18:30:00.000Z,0,6,109
69e0a6cd2eab0b385a715cd2,69e0a6cc2eab0b385a715b37,69e0a6c62eab0b385a715ad4,2026-04-13T18:30:00.000Z,dinner,Dal Makhani,Garlic Naan,Mixed Veg Curry,Jeera Rice,,,dal,bread,sabzi,rice,,,55,18,45,30,,,1,1,2,1,,,69e0a6cd2eab0b385a715cd3,69e0a6cd2eab0b385a715cd4,69e0a6cd2eab0b385a715cd5,69e0a6cd2eab0b385a715cd6,,,193,193,completed,paid,,2026-04-13T18:30:00.000Z,2026-04-13T18:30:00.000Z,0,10,183
69e0a6cd2eab0b385a715cd7,69e0a6cc2eab0b385a715b37,69e0a6c62eab0b385a715ad4,2026-04-13T18:30:00.000Z,dinner,Jalebi,Garlic Naan,Dal Makhani,Mixed Veg Curry,Jeera Rice,,dessert,bread,dal,sabzi,rice,,25,18,55,45,30,,2,1,2,2,1,,69e0a6cd2eab0b385a715cd8,69e0a6cd2eab0b385a715cd9,69e0a6cd2eab0b385a715cda,69e0a6cd2eab0b385a715cdb,69e0a6cd2eab0b385a715cdc,,298,298,completed,paid,,2026-04-13T18:30:00.000Z,2026-04-13T18:30:00.000Z,0,15,283
69e0ac64f313aeb1c7cef6c5,69e0a6cc2eab0b385a715b37,69e0a6c62eab0b385a715ad4,2026-01-15T18:30:00.000Z,dinner,Garlic Naan,Kadhai Paneer,Ice Cream,,,,bread,sabzi,dessert,,,,18,65,30,,,,2,1,2,,,,69e0ac64f313aeb1c7cef6c6,69e0ac64f313aeb1c7cef6c7,69e0ac64f313aeb1c7cef6c8,,,,161,161,completed,paid,,2026-01-15T18:30:00.000Z,2026-01-15T18:30:00.000Z,0,8,153
69e0ac64f313aeb1c7cef6c9,69e0a6cc2eab0b385a715b37,69e0a6c62eab0b385a715ad4,2026-01-16T18:30:00.000Z,dinner,Dal Makhani,Shahi Paneer,Butter Naan,Rasmalai,,,dal,sabzi,bread,dessert,,,55,70,15,35,,,2,2,1,1,,,69e0ac64f313aeb1c7cef6ca,69e0ac64f313aeb1c7cef6cb,69e0ac64f313aeb1c7cef6cc,69e0ac64f313aeb1c7cef6cd,,,300,300,completed,paid,,2026-01-16T18:30:00.000Z,2026-01-16T18:30:00.000Z,0,15,285
69e0ac64f313aeb1c7cef6ce,69e0a6cc2eab0b385a715b37,69e0a6c62eab0b385a715ad4,2026-01-17T18:30:00.000Z,lunch,Raita,Gulab Jamun,Dal Tadka,Paneer Butter Masala,Veg Biryani,,side,dessert,dal,sabzi,rice,,20,25,40,65,55,,1,1,2,1,1,,69e0ac64f313aeb1c7cef6cf,69e0ac64f313aeb1c7cef6d0,69e0ac64f313aeb1c7cef6d1,69e0ac64f313aeb1c7cef6d2,69e0ac64f313aeb1c7cef6d3,,245,245,completed,paid,,2026-01-17T18:30:00.000Z,2026-01-17T18:30:00.000Z,0,12,233
69e0ac64f313aeb1c7cef6d4,69e0a6cc2eab0b385a715b37,69e0a6c62eab0b385a715ad4,2026-01-17T18:30:00.000Z,lunch,Garlic Naan,Paneer Butter Masala,Raita,Gulab Jamun,,,bread,sabzi,side,dessert,,,18,65,20,25,,,1,1,1,1,,,69e0ac64f313aeb1c7cef6d5,69e0ac64f313aeb1c7cef6d6,69e0ac64f313aeb1c7cef6d7,69e0ac64f313aeb1c7cef6d8,,,128,128,completed,paid,,2026-01-17T18:30:00.000Z,2026-01-17T18:30:00.000Z,0,6,122
69e0ac64f313aeb1c7cef6d9,69e0a6cc2eab0b385a715b37,69e0a6c62eab0b385a715ad4,2026-01-17T18:30:00.000Z,lunch,Garlic Naan,Dal Tadka,,,,,bread,dal,,,,,18,40,,,,,2,1,,,,,69e0ac64f313aeb1c7cef6da,69e0ac64f313aeb1c7cef6db,,,,,76,76,completed,paid,,2026-01-17T18:30:00.000Z,2026-01-17T18:30:00.000Z,0,4,72
69e0ac64f313aeb1c7cef6dc,69e0a6cc2eab0b385a715b37,69e0a6c62eab0b385a715ad4,2026-01-17T18:30:00.000Z,lunch,Raita,Dal Tadka,,,,,side,dal,,,,,20,40,,,,,1,1,,,,,69e0ac64f313aeb1c7cef6dd,69e0ac64f313aeb1c7cef6de,,,,,60,60,completed,paid,,2026-01-17T18:30:00.000Z,2026-01-17T18:30:00.000Z,0,3,57
69e0ac64f313aeb1c7cef6df,69e0a6cc2eab0b385a715b37,69e0a6c62eab0b385a715ad4,2026-01-19T18:30:00.000Z,lunch,Roti,Veg Pulao,Paneer Butter Masala,Raita,Chana Dal,,bread,rice,sabzi,side,dal,,10,35,65,20,40,,1,2,1,1,1,,69e0ac64f313aeb1c7cef6e0,69e0ac64f313aeb1c7cef6e1,69e0ac64f313aeb1c7cef6e2,69e0ac64f313aeb1c7cef6e3,69e0ac64f313aeb1c7cef6e4,,205,205,completed,paid,,2026-01-19T18:30:00.000Z,2026-01-19T18:30:00.000Z,0,10,195
69e0ac64f313aeb1c7cef6e5,69e0a6cc2eab0b385a715b37,69e0a6c62eab0b385a715ad4,2026-01-20T18:30:00.000Z,dinner,Gulab Jamun,Roti,Bhindi Masala,,,,dessert,bread,sabzi,,,,25,10,45,,,,1,1,2,,,,69e0ac64f313aeb1c7cef6e6,69e0ac64f313aeb1c7cef6e7,69e0ac64f313aeb1c7cef6e8,,,,125,125,completed,paid,,2026-01-20T18:30:00.000Z,2026-01-20T18:30:00.000Z,0,6,119
69e0ac64f313aeb1c7cef6e9,69e0a6cc2eab0b385a715b37,69e0a6c62eab0b385a715ad4,2026-01-20T18:30:00.000Z,lunch,Bhatura,Lassi,,,,,bread,side,,,,,20,25,,,,,1,1,,,,,69e0ac64f313aeb1c7cef6ea,69e0ac64f313aeb1c7cef6eb,,,,,45,45,completed,paid,,2026-01-20T18:30:00.000Z,2026-01-20T18:30:00.000Z,0,2,43
69e0ac64f313aeb1c7cef6ec,69e0a6cc2eab0b385a715b37,69e0a6c62eab0b385a715ad4,2026-01-21T18:30:00.000Z,dinner,Dal Tadka,Rasmalai,Paneer Tikka Masala,,,,dal,dessert,sabzi,,,,40,35,70,,,,1,1,1,,,,69e0ac64f313aeb1c7cef6ed,69e0ac64f313aeb1c7cef6ee,69e0ac64f313aeb1c7cef6ef,,,,145,145,completed,paid,,2026-01-21T18:30:00.000Z,2026-01-21T18:30:00.000Z,0,7,138
69e0ac64f313aeb1c7cef6f0,69e0a6cc2eab0b385a715b37,69e0a6c62eab0b385a715ad4,2026-01-21T18:30:00.000Z,dinner,Rasmalai,Butter Naan,Steamed Rice,Paneer Tikka Masala,,,dessert,bread,rice,sabzi,,,35,15,25,70,,,2,1,1,2,,,69e0ac64f313aeb1c7cef6f1,69e0ac64f313aeb1c7cef6f2,69e0ac64f313aeb1c7cef6f3,69e0ac64f313aeb1c7cef6f4,,,250,250,completed,paid,,2026-01-21T18:30:00.000Z,2026-01-21T18:30:00.000Z,0,13,237
69e0ac64f313aeb1c7cef6f5,69e0a6cc2eab0b385a715b37,69e0a6c62eab0b385a715ad4,2026-01-22T18:30:00.000Z,dinner,Ice Cream,Rajma Masala,,,,,dessert,dal,,,,,30,50,,,,,1,1,,,,,69e0ac64f313aeb1c7cef6f6,69e0ac64f313aeb1c7cef6f7,,,,,80,80,completed,paid,,2026-01-22T18:30:00.000Z,2026-01-22T18:30:00.000Z,0,4,76
69e0ac64f313aeb1c7cef6f8,69e0a6cc2eab0b385a715b37,69e0a6c62eab0b385a715ad4,2026-01-28T18:30:00.000Z,dinner,Steamed Rice,Rasmalai,Dal Tadka,Butter Naan,,,rice,dessert,dal,bread,,,25,35,40,15,,,2,1,1,2,,,69e0ac64f313aeb1c7cef6f9,69e0ac64f313aeb1c7cef6fa,69e0ac64f313aeb1c7cef6fb,69e0ac64f313aeb1c7cef6fc,,,155,155,completed,paid,,2026-01-28T18:30:00.000Z,2026-01-28T18:30:00.000Z,0,8,147
69e0ac64f313aeb1c7cef6fd,69e0a6cc2eab0b385a715b37,69e0a6c62eab0b385a715ad4,2026-01-29T18:30:00.000Z,lunch,Chana Dal,Baingan Bharta,Veg Pulao,,,,dal,sabzi,rice,,,,40,45,35,,,,1,2,1,,,,69e0ac64f313aeb1c7cef6fe,69e0ac64f313aeb1c7cef6ff,69e0ac64f313aeb1c7cef700,,,,165,165,completed,paid,,2026-01-29T18:30:00.000Z,2026-01-29T18:30:00.000Z,0,8,157
69e0ac64f313aeb1c7cef701,69e0a6cc2eab0b385a715b37,69e0a6c62eab0b385a715ad4,2026-01-29T18:30:00.000Z,lunch,Roti,Chana Dal,,,,,bread,dal,,,,,10,40,,,,,2,1,,,,,69e0ac64f313aeb1c7cef702,69e0ac64f313aeb1c7cef703,,,,,60,60,completed,paid,,2026-01-29T18:30:00.000Z,2026-01-29T18:30:00.000Z,0,3,57
69e0ac64f313aeb1c7cef704,69e0a6cc2eab0b385a715b37,69e0a6c62eab0b385a715ad4,2026-01-29T18:30:00.000Z,lunch,Chana Dal,Baingan Bharta,Veg Pulao,Roti,Shrikhand,,dal,sabzi,rice,bread,dessert,,40,45,35,10,30,,1,1,1,2,1,,69e0ac64f313aeb1c7cef705,69e0ac64f313aeb1c7cef706,69e0ac64f313aeb1c7cef707,69e0ac64f313aeb1c7cef708,69e0ac64f313aeb1c7cef709,,170,170,completed,paid,,2026-01-29T18:30:00.000Z,2026-01-29T18:30:00.000Z,0,9,161
69e0ac64f313aeb1c7cef70a,69e0a6cc2eab0b385a715b37,69e0a6c62eab0b385a715ad4,2026-01-30T18:30:00.000Z,lunch,Roti,Fruit Custard,Dal Fry,,,,bread,dessert,dal,,,,10,30,40,,,,2,1,1,,,,69e0ac64f313aeb1c7cef70b,69e0ac64f313aeb1c7cef70c,69e0ac64f313aeb1c7cef70d,,,,90,90,completed,paid,,2026-01-30T18:30:00.000Z,2026-01-30T18:30:00.000Z,0,5,85
69e0ac64f313aeb1c7cef70e,69e0a6cc2eab0b385a715b37,69e0a6c62eab0b385a715ad4,2026-01-31T18:30:00.000Z,lunch,Gulab Jamun,Veg Biryani,,,,,dessert,rice,,,,,25,55,,,,,2,1,,,,,69e0ac64f313aeb1c7cef70f,69e0ac64f313aeb1c7cef710,,,,,105,105,completed,paid,,2026-01-31T18:30:00.000Z,2026-01-31T18:30:00.000Z,0,5,100
69e0ac64f313aeb1c7cef711,69e0a6cc2eab0b385a715b37,69e0a6c62eab0b385a715ad4,2026-02-01T18:30:00.000Z,dinner,Steamed Rice,Butter Naan,Palak Paneer,Kheer,,,rice,bread,sabzi,dessert,,,25,15,60,30,,,1,1,1,2,,,69e0ac64f313aeb1c7cef712,69e0ac64f313aeb1c7cef713,69e0ac64f313aeb1c7cef714,69e0ac64f313aeb1c7cef715,,,160,160,completed,paid,,2026-02-01T18:30:00.000Z,2026-02-01T18:30:00.000Z,0,8,152
69e0ac64f313aeb1c7cef716,69e0a6cc2eab0b385a715b37,69e0a6c62eab0b385a715ad4,2026-02-03T18:30:00.000Z,lunch,Moong Dal,Chole,Steamed Rice,Bhatura,Lassi,,dal,sabzi,rice,bread,side,,38,50,25,20,25,,1,1,1,2,1,,69e0ac64f313aeb1c7cef717,69e0ac64f313aeb1c7cef718,69e0ac64f313aeb1c7cef719,69e0ac64f313aeb1c7cef71a,69e0ac64f313aeb1c7cef71b,,178,178,completed,paid,,2026-02-03T18:30:00.000Z,2026-02-03T18:30:00.000Z,0,9,169
69e0ac64f313aeb1c7cef71c,69e0a6cc2eab0b385a715b37,69e0a6c62eab0b385a715ad4,2026-02-04T18:30:00.000Z,lunch,Masoor Dal,Raita,Paratha,,,,dal,side,bread,,,,38,20,15,,,,1,1,1,,,,69e0ac64f313aeb1c7cef71d,69e0ac64f313aeb1c7cef71e,69e0ac64f313aeb1c7cef71f,,,,73,73,completed,paid,,2026-02-04T18:30:00.000Z,2026-02-04T18:30:00.000Z,0,4,69
69e0ac64f313aeb1c7cef720,69e0a6cc2eab0b385a715b37,69e0a6c62eab0b385a715ad4,2026-02-04T18:30:00.000Z,lunch,Masoor Dal,Matar Paneer,Raita,,,,dal,sabzi,side,,,,38,60,20,,,,1,1,1,,,,69e0ac64f313aeb1c7cef721,69e0ac64f313aeb1c7cef722,69e0ac64f313aeb1c7cef723,,,,118,118,completed,paid,,2026-02-04T18:30:00.000Z,2026-02-04T18:30:00.000Z,0,6,112
69e0ac64f313aeb1c7cef724,69e0a6cc2eab0b385a715b37,69e0a6c62eab0b385a715ad4,2026-02-06T18:30:00.000Z,dinner,Dal Makhani,Steamed Rice,,,,,dal,rice,,,,,55,25,,,,,2,1,,,,,69e0ac64f313aeb1c7cef725,69e0ac64f313aeb1c7cef726,,,,,135,135,completed,paid,,2026-02-06T18:30:00.000Z,2026-02-06T18:30:00.000Z,0,7,128
69e0ac64f313aeb1c7cef727,69e0a6cc2eab0b385a715b37,69e0a6c62eab0b385a715ad4,2026-02-07T18:30:00.000Z,lunch,Veg Biryani,Paneer Butter Masala,Garlic Naan,Dal Tadka,Gulab Jamun,Raita,rice,sabzi,bread,dal,dessert,side,55,65,18,40,25,20,1,1,1,1,2,2,69e0ac64f313aeb1c7cef728,69e0ac64f313aeb1c7cef729,69e0ac64f313aeb1c7cef72a,69e0ac64f313aeb1c7cef72b,69e0ac64f313aeb1c7cef72c,69e0ac64f313aeb1c7cef72d,268,268,completed,paid,,2026-02-07T18:30:00.000Z,2026-02-07T18:30:00.000Z,0,13,255
69e0ac64f313aeb1c7cef72e,69e0a6cc2eab0b385a715b37,69e0a6c62eab0b385a715ad4,2026-02-09T18:30:00.000Z,dinner,Mixed Veg Curry,Dal Makhani,Jalebi,Garlic Naan,Jeera Rice,,sabzi,dal,dessert,bread,rice,,45,55,25,18,30,,1,1,1,1,2,,69e0ac64f313aeb1c7cef72f,69e0ac64f313aeb1c7cef730,69e0ac64f313aeb1c7cef731,69e0ac64f313aeb1c7cef732,69e0ac64f313aeb1c7cef733,,203,203,completed,paid,,2026-02-09T18:30:00.000Z,2026-02-09T18:30:00.000Z,0,10,193
69e0ac64f313aeb1c7cef734,69e0a6cc2eab0b385a715b37,69e0a6c62eab0b385a715ad4,2026-02-09T18:30:00.000Z,lunch,Chana Dal,Paneer Butter Masala,,,,,dal,sabzi,,,,,40,65,,,,,2,1,,,,,69e0ac64f313aeb1c7cef735,69e0ac64f313aeb1c7cef736,,,,,145,145,completed,paid,,2026-02-09T18:30:00.000Z,2026-02-09T18:30:00.000Z,0,7,138
69e0ac64f313aeb1c7cef737,69e0a6cc2eab0b385a715b37,69e0a6c62eab0b385a715ad4,2026-02-10T18:30:00.000Z,lunch,Bhatura,Steamed Rice,Chole,Lassi,Moong Dal,,bread,rice,sabzi,side,dal,,20,25,50,25,38,,2,2,2,1,1,,69e0ac64f313aeb1c7cef738,69e0ac64f313aeb1c7cef739,69e0ac64f313aeb1c7cef73a,69e0ac64f313aeb1c7cef73b,69e0ac64f313aeb1c7cef73c,,253,253,completed,paid,,2026-02-10T18:30:00.000Z,2026-02-10T18:30:00.000Z,0,13,240
69e0ac64f313aeb1c7cef73d,69e0a6cc2eab0b385a715b37,69e0a6c62eab0b385a715ad4,2026-02-12T18:30:00.000Z,dinner,Garlic Naan,Veg Biryani,Ice Cream,Kadhai Paneer,Rajma Masala,,bread,rice,dessert,sabzi,dal,,18,55,30,65,50,,1,1,1,1,2,,69e0ac64f313aeb1c7cef73e,69e0ac64f313aeb1c7cef73f,69e0ac64f313aeb1c7cef740,69e0ac64f313aeb1c7cef741,69e0ac64f313aeb1c7cef742,,268,268,completed,paid,,2026-02-12T18:30:00.000Z,2026-02-12T18:30:00.000Z,0,13,255
69e0ac64f313aeb1c7cef743,69e0a6cc2eab0b385a715b37,69e0a6c62eab0b385a715ad4,2026-02-13T18:30:00.000Z,lunch,Dal Fry,Roti,Aloo Matar,Jeera Rice,Fruit Custard,,dal,bread,sabzi,rice,dessert,,40,10,42,30,30,,2,2,2,1,1,,69e0ac64f313aeb1c7cef744,69e0ac64f313aeb1c7cef745,69e0ac64f313aeb1c7cef746,69e0ac64f313aeb1c7cef747,69e0ac64f313aeb1c7cef748,,244,244,completed,paid,,2026-02-13T18:30:00.000Z,2026-02-13T18:30:00.000Z,0,12,232
69e0ac64f313aeb1c7cef749,69e0a6cc2eab0b385a715b37,69e0a6c62eab0b385a715ad4,2026-02-13T18:30:00.000Z,lunch,Dal Fry,Aloo Matar,,,,,dal,sabzi,,,,,40,42,,,,,1,1,,,,,69e0ac64f313aeb1c7cef74a,69e0ac64f313aeb1c7cef74b,,,,,82,82,completed,paid,,2026-02-13T18:30:00.000Z,2026-02-13T18:30:00.000Z,0,4,78
69e0ac64f313aeb1c7cef74c,69e0a6cc2eab0b385a715b37,69e0a6c62eab0b385a715ad4,2026-02-14T18:30:00.000Z,lunch,Veg Biryani,Dal Tadka,Garlic Naan,,,,rice,dal,bread,,,,55,40,18,,,,1,1,1,,,,69e0ac64f313aeb1c7cef74d,69e0ac64f313aeb1c7cef74e,69e0ac64f313aeb1c7cef74f,,,,113,113,completed,paid,,2026-02-14T18:30:00.000Z,2026-02-14T18:30:00.000Z,0,6,107
69e0ac64f313aeb1c7cef750,69e0a6cc2eab0b385a715b37,69e0a6c62eab0b385a715ad4,2026-02-17T18:30:00.000Z,dinner,Toor Dal Fry,Bhindi Masala,,,,,dal,sabzi,,,,,42,45,,,,,1,1,,,,,69e0ac64f313aeb1c7cef751,69e0ac64f313aeb1c7cef752,,,,,87,87,completed,paid,,2026-02-17T18:30:00.000Z,2026-02-17T18:30:00.000Z,0,4,83
69e0ac64f313aeb1c7cef753,69e0a6cc2eab0b385a715b37,69e0a6c62eab0b385a715ad4,2026-02-17T18:30:00.000Z,dinner,Roti,Veg Biryani,Bhindi Masala,Gulab Jamun,,,bread,rice,sabzi,dessert,,,10,55,45,25,,,1,1,1,1,,,69e0ac64f313aeb1c7cef754,69e0ac64f313aeb1c7cef755,69e0ac64f313aeb1c7cef756,69e0ac64f313aeb1c7cef757,,,135,135,completed,paid,,2026-02-17T18:30:00.000Z,2026-02-17T18:30:00.000Z,0,7,128
69e0ac64f313aeb1c7cef758,69e0a6cc2eab0b385a715b37,69e0a6c62eab0b385a715ad4,2026-02-20T18:30:00.000Z,lunch,Roti,Fruit Custard,Jeera Rice,Aloo Matar,Dal Fry,,bread,dessert,rice,sabzi,dal,,10,30,30,42,40,,1,1,1,1,1,,69e0ac64f313aeb1c7cef759,69e0ac64f313aeb1c7cef75a,69e0ac64f313aeb1c7cef75b,69e0ac64f313aeb1c7cef75c,69e0ac64f313aeb1c7cef75d,,152,152,completed,paid,,2026-02-20T18:30:00.000Z,2026-02-20T18:30:00.000Z,0,8,144
69e0ac64f313aeb1c7cef75e,69e0a6cc2eab0b385a715b37,69e0a6c62eab0b385a715ad4,2026-02-20T18:30:00.000Z,lunch,Roti,Jeera Rice,Aloo Matar,Fruit Custard,Dal Fry,,bread,rice,sabzi,dessert,dal,,10,30,42,30,40,,1,1,1,1,2,,69e0ac64f313aeb1c7cef75f,69e0ac64f313aeb1c7cef760,69e0ac64f313aeb1c7cef761,69e0ac64f313aeb1c7cef762,69e0ac64f313aeb1c7cef763,,192,192,completed,paid,,2026-02-20T18:30:00.000Z,2026-02-20T18:30:00.000Z,0,10,182
69e0ac64f313aeb1c7cef764,69e0a6cc2eab0b385a715b37,69e0a6c62eab0b385a715ad4,2026-02-21T18:30:00.000Z,lunch,Dal Tadka,Paneer Butter Masala,Garlic Naan,Gulab Jamun,Veg Biryani,Raita,dal,sabzi,bread,dessert,rice,side,40,65,18,25,55,20,1,1,1,2,1,2,69e0ac64f313aeb1c7cef765,69e0ac64f313aeb1c7cef766,69e0ac64f313aeb1c7cef767,69e0ac64f313aeb1c7cef768,69e0ac64f313aeb1c7cef769,69e0ac64f313aeb1c7cef76a,268,268,completed,paid,,2026-02-21T18:30:00.000Z,2026-02-21T18:30:00.000Z,0,13,255
69e0ac64f313aeb1c7cef76b,69e0a6cc2eab0b385a715b37,69e0a6c62eab0b385a715ad4,2026-02-22T18:30:00.000Z,lunch,Aloo Gobi,Jeera Rice,Gulab Jamun,Dal Tadka,Roti,,sabzi,rice,dessert,dal,bread,,45,30,25,40,10,,2,1,1,1,1,,69e0ac64f313aeb1c7cef76c,69e0ac64f313aeb1c7cef76d,69e0ac64f313aeb1c7cef76e,69e0ac64f313aeb1c7cef76f,69e0ac64f313aeb1c7cef770,,195,195,completed,paid,,2026-02-22T18:30:00.000Z,2026-02-22T18:30:00.000Z,0,10,185
69e0ac64f313aeb1c7cef771,69e0a6cc2eab0b385a715b37,69e0a6c62eab0b385a715ad4,2026-02-22T18:30:00.000Z,lunch,Gulab Jamun,Roti,Aloo Gobi,Dal Tadka,Jeera Rice,,dessert,bread,sabzi,dal,rice,,25,10,45,40,30,,1,1,1,1,2,,69e0ac64f313aeb1c7cef772,69e0ac64f313aeb1c7cef773,69e0ac64f313aeb1c7cef774,69e0ac64f313aeb1c7cef775,69e0ac64f313aeb1c7cef776,,180,180,completed,paid,,2026-02-22T18:30:00.000Z,2026-02-22T18:30:00.000Z,0,9,171
69e0ac64f313aeb1c7cef777,69e0a6cc2eab0b385a715b37,69e0a6c62eab0b385a715ad4,2026-02-22T18:30:00.000Z,lunch,Gulab Jamun,Dal Tadka,Aloo Gobi,,,,dessert,dal,sabzi,,,,25,40,45,,,,1,1,2,,,,69e0ac64f313aeb1c7cef778,69e0ac64f313aeb1c7cef779,69e0ac64f313aeb1c7cef77a,,,,155,155,completed,paid,,2026-02-22T18:30:00.000Z,2026-02-22T18:30:00.000Z,0,8,147
69e0ac64f313aeb1c7cef77b,69e0a6cc2eab0b385a715b37,69e0a6c62eab0b385a715ad4,2026-02-23T18:30:00.000Z,lunch,Veg Pulao,Roti,Chana Dal,Raita,,,rice,bread,dal,side,,,35,10,40,20,,,1,1,1,1,,,69e0ac64f313aeb1c7cef77c,69e0ac64f313aeb1c7cef77d,69e0ac64f313aeb1c7cef77e,69e0ac64f313aeb1c7cef77f,,,105,105,completed,paid,,2026-02-23T18:30:00.000Z,2026-02-23T18:30:00.000Z,0,5,100
69e0ac64f313aeb1c7cef780,69e0a6cc2eab0b385a715b37,69e0a6c62eab0b385a715ad4,2026-02-23T18:30:00.000Z,dinner,Jeera Rice,Garlic Naan,Jalebi,,,,rice,bread,dessert,,,,30,18,25,,,,2,1,2,,,,69e0ac64f313aeb1c7cef781,69e0ac64f313aeb1c7cef782,69e0ac64f313aeb1c7cef783,,,,128,128,completed,paid,,2026-02-23T18:30:00.000Z,2026-02-23T18:30:00.000Z,0,6,122
69e0ac64f313aeb1c7cef784,69e0a6cc2eab0b385a715b37,69e0a6c62eab0b385a715ad4,2026-02-24T18:30:00.000Z,dinner,Roti,Gulab Jamun,,,,,bread,dessert,,,,,10,25,,,,,2,1,,,,,69e0ac64f313aeb1c7cef785,69e0ac64f313aeb1c7cef786,,,,,45,45,completed,paid,,2026-02-24T18:30:00.000Z,2026-02-24T18:30:00.000Z,0,2,43
69e0ac64f313aeb1c7cef787,69e0a6cc2eab0b385a715b37,69e0a6c62eab0b385a715ad4,2026-02-25T18:30:00.000Z,lunch,Matar Paneer,Jeera Rice,,,,,sabzi,rice,,,,,60,30,,,,,1,2,,,,,69e0ac64f313aeb1c7cef788,69e0ac64f313aeb1c7cef789,,,,,120,120,completed,paid,,2026-02-25T18:30:00.000Z,2026-02-25T18:30:00.000Z,0,6,114
69e0ac64f313aeb1c7cef78a,69e0a6cc2eab0b385a715b37,69e0a6c62eab0b385a715ad4,2026-02-25T18:30:00.000Z,lunch,Masoor Dal,Matar Paneer,Jeera Rice,,,,dal,sabzi,rice,,,,38,60,30,,,,1,1,1,,,,69e0ac64f313aeb1c7cef78b,69e0ac64f313aeb1c7cef78c,69e0ac64f313aeb1c7cef78d,,,,128,128,completed,paid,,2026-02-25T18:30:00.000Z,2026-02-25T18:30:00.000Z,0,6,122
69e0ac64f313aeb1c7cef78e,69e0a6cc2eab0b385a715b37,69e0a6c62eab0b385a715ad4,2026-02-26T18:30:00.000Z,dinner,Rajma Masala,Kadhai Paneer,,,,,dal,sabzi,,,,,50,65,,,,,1,1,,,,,69e0ac64f313aeb1c7cef78f,69e0ac64f313aeb1c7cef790,,,,,115,115,completed,paid,,2026-02-26T18:30:00.000Z,2026-02-26T18:30:00.000Z,0,6,109
69e0ac64f313aeb1c7cef791,69e0a6cc2eab0b385a715b37,69e0a6c62eab0b385a715ad4,2026-03-01T18:30:00.000Z,lunch,Roti,Aloo Gobi,,,,,bread,sabzi,,,,,10,45,,,,,1,2,,,,,69e0ac64f313aeb1c7cef792,69e0ac64f313aeb1c7cef793,,,,,100,100,completed,paid,,2026-03-01T18:30:00.000Z,2026-03-01T18:30:00.000Z,0,5,95
69e0ac64f313aeb1c7cef794,69e0a6cc2eab0b385a715b37,69e0a6c62eab0b385a715ad4,2026-03-01T18:30:00.000Z,lunch,Aloo Gobi,Dal Tadka,,,,,sabzi,dal,,,,,45,40,,,,,1,2,,,,,69e0ac64f313aeb1c7cef795,69e0ac64f313aeb1c7cef796,,,,,125,125,completed,paid,,2026-03-01T18:30:00.000Z,2026-03-01T18:30:00.000Z,0,6,119
69e0ac64f313aeb1c7cef797,69e0a6cc2eab0b385a715b37,69e0a6c62eab0b385a715ad4,2026-03-03T18:30:00.000Z,lunch,Moong Dal,Chole,Bhatura,Steamed Rice,Lassi,,dal,sabzi,bread,rice,side,,38,50,20,25,25,,1,1,2,1,1,,69e0ac64f313aeb1c7cef798,69e0ac64f313aeb1c7cef799,69e0ac64f313aeb1c7cef79a,69e0ac64f313aeb1c7cef79b,69e0ac64f313aeb1c7cef79c,,178,178,completed,paid,,2026-03-03T18:30:00.000Z,2026-03-03T18:30:00.000Z,0,9,169
69e0ac64f313aeb1c7cef79d,69e0a6cc2eab0b385a715b37,69e0a6c62eab0b385a715ad4,2026-03-04T18:30:00.000Z,lunch,Paratha,Matar Paneer,Masoor Dal,,,,bread,sabzi,dal,,,,15,60,38,,,,2,1,1,,,,69e0ac64f313aeb1c7cef79e,69e0ac64f313aeb1c7cef79f,69e0ac64f313aeb1c7cef7a0,,,,128,128,completed,paid,,2026-03-04T18:30:00.000Z,2026-03-04T18:30:00.000Z,0,6,122
69e0ac64f313aeb1c7cef7a1,69e0a6cc2eab0b385a715b37,69e0a6c62eab0b385a715ad4,2026-03-05T18:30:00.000Z,dinner,Rajma Masala,Kadhai Paneer,Garlic Naan,Veg Biryani,Ice Cream,,dal,sabzi,bread,rice,dessert,,50,65,18,55,30,,1,1,1,1,1,,69e0ac64f313aeb1c7cef7a2,69e0ac64f313aeb1c7cef7a3,69e0ac64f313aeb1c7cef7a4,69e0ac64f313aeb1c7cef7a5,69e0ac64f313aeb1c7cef7a6,,218,218,completed,paid,,2026-03-05T18:30:00.000Z,2026-03-05T18:30:00.000Z,0,11,207
69e0ac64f313aeb1c7cef7a7,69e0a6cc2eab0b385a715b37,69e0a6c62eab0b385a715ad4,2026-03-08T18:30:00.000Z,lunch,Gulab Jamun,Roti,,,,,dessert,bread,,,,,25,10,,,,,1,1,,,,,69e0ac64f313aeb1c7cef7a8,69e0ac64f313aeb1c7cef7a9,,,,,35,35,completed,paid,,2026-03-08T18:30:00.000Z,2026-03-08T18:30:00.000Z,0,2,33
69e0ac64f313aeb1c7cef7aa,69e0a6cc2eab0b385a715b37,69e0a6c62eab0b385a715ad4,2026-03-10T18:30:00.000Z,dinner,Gulab Jamun,Bhindi Masala,Roti,Toor Dal Fry,Veg Biryani,,dessert,sabzi,bread,dal,rice,,25,45,10,42,55,,2,1,2,1,1,,69e0ac64f313aeb1c7cef7ab,69e0ac64f313aeb1c7cef7ac,69e0ac64f313aeb1c7cef7ad,69e0ac64f313aeb1c7cef7ae,69e0ac64f313aeb1c7cef7af,,212,212,completed,paid,,2026-03-10T18:30:00.000Z,2026-03-10T18:30:00.000Z,0,11,201
69e0ac64f313aeb1c7cef7b0,69e0a6cc2eab0b385a715b37,69e0a6c62eab0b385a715ad4,2026-03-13T18:30:00.000Z,dinner,Dal Makhani,Butter Naan,,,,,dal,bread,,,,,55,15,,,,,1,1,,,,,69e0ac64f313aeb1c7cef7b1,69e0ac64f313aeb1c7cef7b2,,,,,70,70,completed,paid,,2026-03-13T18:30:00.000Z,2026-03-13T18:30:00.000Z,0,4,66
69e0ac64f313aeb1c7cef7b3,69e0a6cc2eab0b385a715b37,69e0a6c62eab0b385a715ad4,2026-03-14T18:30:00.000Z,lunch,Gulab Jamun,Paneer Butter Masala,,,,,dessert,sabzi,,,,,25,65,,,,,1,1,,,,,69e0ac64f313aeb1c7cef7b4,69e0ac64f313aeb1c7cef7b5,,,,,90,90,completed,paid,,2026-03-14T18:30:00.000Z,2026-03-14T18:30:00.000Z,0,5,85
69e0ac64f313aeb1c7cef7b6,69e0a6cc2eab0b385a715b37,69e0a6c62eab0b385a715ad4,2026-03-16T18:30:00.000Z,lunch,Paneer Butter Masala,Veg Pulao,,,,,sabzi,rice,,,,,65,35,,,,,2,1,,,,,69e0ac64f313aeb1c7cef7b7,69e0ac64f313aeb1c7cef7b8,,,,,165,165,completed,paid,,2026-03-16T18:30:00.000Z,2026-03-16T18:30:00.000Z,0,8,157
69e0ac64f313aeb1c7cef7b9,69e0a6cc2eab0b385a715b37,69e0a6c62eab0b385a715ad4,2026-03-16T18:30:00.000Z,dinner,Garlic Naan,Jeera Rice,Mixed Veg Curry,,,,bread,rice,sabzi,,,,18,30,45,,,,1,1,1,,,,69e0ac64f313aeb1c7cef7ba,69e0ac64f313aeb1c7cef7bb,69e0ac64f313aeb1c7cef7bc,,,,93,93,completed,paid,,2026-03-16T18:30:00.000Z,2026-03-16T18:30:00.000Z,0,5,88
69e0ac64f313aeb1c7cef7bd,69e0a6cc2eab0b385a715b37,69e0a6c62eab0b385a715ad4,2026-03-16T18:30:00.000Z,dinner,Garlic Naan,Jeera Rice,,,,,bread,rice,,,,,18,30,,,,,1,2,,,,,69e0ac64f313aeb1c7cef7be,69e0ac64f313aeb1c7cef7bf,,,,,78,78,completed,paid,,2026-03-16T18:30:00.000Z,2026-03-16T18:30:00.000Z,0,4,74
69e0ac64f313aeb1c7cef7c0,69e0a6cc2eab0b385a715b37,69e0a6c62eab0b385a715ad4,2026-03-18T18:30:00.000Z,lunch,Jeera Rice,Masoor Dal,Raita,Paratha,,,rice,dal,side,bread,,,30,38,20,15,,,2,1,1,2,,,69e0ac64f313aeb1c7cef7c1,69e0ac64f313aeb1c7cef7c2,69e0ac64f313aeb1c7cef7c3,69e0ac64f313aeb1c7cef7c4,,,148,148,completed,paid,,2026-03-18T18:30:00.000Z,2026-03-18T18:30:00.000Z,0,7,141
69e0ac64f313aeb1c7cef7c5,69e0a6cc2eab0b385a715b37,69e0a6c62eab0b385a715ad4,2026-03-19T18:30:00.000Z,lunch,Shrikhand,Baingan Bharta,Chana Dal,Veg Pulao,,,dessert,sabzi,dal,rice,,,30,45,40,35,,,1,1,1,2,,,69e0ac64f313aeb1c7cef7c6,69e0ac64f313aeb1c7cef7c7,69e0ac64f313aeb1c7cef7c8,69e0ac64f313aeb1c7cef7c9,,,185,185,completed,paid,,2026-03-19T18:30:00.000Z,2026-03-19T18:30:00.000Z,0,9,176
69e0ac64f313aeb1c7cef7ca,69e0a6cc2eab0b385a715b37,69e0a6c62eab0b385a715ad4,2026-03-19T18:30:00.000Z,dinner,Garlic Naan,Rajma Masala,Kadhai Paneer,Ice Cream,Veg Biryani,,bread,dal,sabzi,dessert,rice,,18,50,65,30,55,,1,1,1,2,2,,69e0ac64f313aeb1c7cef7cb,69e0ac64f313aeb1c7cef7cc,69e0ac64f313aeb1c7cef7cd,69e0ac64f313aeb1c7cef7ce,69e0ac64f313aeb1c7cef7cf,,303,303,completed,paid,,2026-03-19T18:30:00.000Z,2026-03-19T18:30:00.000Z,0,15,288
69e0ac64f313aeb1c7cef7d0,69e0a6cc2eab0b385a715b37,69e0a6c62eab0b385a715ad4,2026-03-20T18:30:00.000Z,lunch,Roti,Jeera Rice,,,,,bread,rice,,,,,10,30,,,,,2,2,,,,,69e0ac64f313aeb1c7cef7d1,69e0ac64f313aeb1c7cef7d2,,,,,80,80,completed,paid,,2026-03-20T18:30:00.000Z,2026-03-20T18:30:00.000Z,0,4,76
69e0ac64f313aeb1c7cef7d3,69e0a6cc2eab0b385a715b37,69e0a6c62eab0b385a715ad4,2026-03-20T18:30:00.000Z,dinner,Rasmalai,Dal Makhani,,,,,dessert,dal,,,,,35,55,,,,,1,1,,,,,69e0ac64f313aeb1c7cef7d4,69e0ac64f313aeb1c7cef7d5,,,,,90,90,completed,paid,,2026-03-20T18:30:00.000Z,2026-03-20T18:30:00.000Z,0,5,85
69e0ac64f313aeb1c7cef7d6,69e0a6cc2eab0b385a715b37,69e0a6c62eab0b385a715ad4,2026-03-21T18:30:00.000Z,dinner,Jeera Rice,Malai Kofta,Rajma Masala,,,,rice,sabzi,dal,,,,30,70,50,,,,1,1,2,,,,69e0ac64f313aeb1c7cef7d7,69e0ac64f313aeb1c7cef7d8,69e0ac64f313aeb1c7cef7d9,,,,200,200,completed,paid,,2026-03-21T18:30:00.000Z,2026-03-21T18:30:00.000Z,0,10,190
69e0ac64f313aeb1c7cef7da,69e0a6cc2eab0b385a715b37,69e0a6c62eab0b385a715ad4,2026-03-21T18:30:00.000Z,dinner,Papad,Butter Naan,,,,,side,bread,,,,,10,15,,,,,1,1,,,,,69e0ac64f313aeb1c7cef7db,69e0ac64f313aeb1c7cef7dc,,,,,25,25,completed,paid,,2026-03-21T18:30:00.000Z,2026-03-21T18:30:00.000Z,0,1,24
69e0ac64f313aeb1c7cef7dd,69e0a6cc2eab0b385a715b37,69e0a6c62eab0b385a715ad4,2026-03-24T18:30:00.000Z,dinner,Gulab Jamun,Roti,,,,,dessert,bread,,,,,25,10,,,,,2,1,,,,,69e0ac64f313aeb1c7cef7de,69e0ac64f313aeb1c7cef7df,,,,,60,60,completed,paid,,2026-03-24T18:30:00.000Z,2026-03-24T18:30:00.000Z,0,3,57
69e0ac64f313aeb1c7cef7e0,69e0a6cc2eab0b385a715b37,69e0a6c62eab0b385a715ad4,2026-03-26T18:30:00.000Z,lunch,Shrikhand,Roti,,,,,dessert,bread,,,,,30,10,,,,,1,1,,,,,69e0ac64f313aeb1c7cef7e1,69e0ac64f313aeb1c7cef7e2,,,,,40,40,completed,paid,,2026-03-26T18:30:00.000Z,2026-03-26T18:30:00.000Z,0,2,38
69e0ac64f313aeb1c7cef7e3,69e0a6cc2eab0b385a715b37,69e0a6c62eab0b385a715ad4,2026-03-27T18:30:00.000Z,lunch,Dal Fry,Aloo Matar,,,,,dal,sabzi,,,,,40,42,,,,,2,1,,,,,69e0ac64f313aeb1c7cef7e4,69e0ac64f313aeb1c7cef7e5,,,,,122,122,completed,paid,,2026-03-27T18:30:00.000Z,2026-03-27T18:30:00.000Z,0,6,116
69e0ac64f313aeb1c7cef7e6,69e0a6cc2eab0b385a715b37,69e0a6c62eab0b385a715ad4,2026-03-29T18:30:00.000Z,lunch,Gulab Jamun,Jeera Rice,Roti,Aloo Gobi,,,dessert,rice,bread,sabzi,,,25,30,10,45,,,2,1,1,2,,,69e0ac64f313aeb1c7cef7e7,69e0ac64f313aeb1c7cef7e8,69e0ac64f313aeb1c7cef7e9,69e0ac64f313aeb1c7cef7ea,,,180,180,completed,paid,,2026-03-29T18:30:00.000Z,2026-03-29T18:30:00.000Z,0,9,171
69e0ac64f313aeb1c7cef7eb,69e0a6cc2eab0b385a715b37,69e0a6c62eab0b385a715ad4,2026-03-31T18:30:00.000Z,lunch,Bhatura,Lassi,Steamed Rice,Chole,Moong Dal,,bread,side,rice,sabzi,dal,,20,25,25,50,38,,1,1,1,1,1,,69e0ac64f313aeb1c7cef7ec,69e0ac64f313aeb1c7cef7ed,69e0ac64f313aeb1c7cef7ee,69e0ac64f313aeb1c7cef7ef,69e0ac64f313aeb1c7cef7f0,,158,158,completed,paid,,2026-03-31T18:30:00.000Z,2026-03-31T18:30:00.000Z,0,8,150
69e0ac64f313aeb1c7cef7f1,69e0a6cc2eab0b385a715b37,69e0a6c62eab0b385a715ad4,2026-04-02T18:30:00.000Z,dinner,Kadhai Paneer,Garlic Naan,Rajma Masala,,,,sabzi,bread,dal,,,,65,18,50,,,,2,1,1,,,,69e0ac64f313aeb1c7cef7f2,69e0ac64f313aeb1c7cef7f3,69e0ac64f313aeb1c7cef7f4,,,,198,198,completed,paid,,2026-04-02T18:30:00.000Z,2026-04-02T18:30:00.000Z,0,10,188
69e0ac64f313aeb1c7cef7f5,69e0a6cc2eab0b385a715b37,69e0a6c62eab0b385a715ad4,2026-04-02T18:30:00.000Z,lunch,Baingan Bharta,Shrikhand,Chana Dal,Roti,Veg Pulao,,sabzi,dessert,dal,bread,rice,,45,30,40,10,35,,1,1,2,1,1,,69e0ac64f313aeb1c7cef7f6,69e0ac64f313aeb1c7cef7f7,69e0ac64f313aeb1c7cef7f8,69e0ac64f313aeb1c7cef7f9,69e0ac64f313aeb1c7cef7fa,,200,200,completed,paid,,2026-04-02T18:30:00.000Z,2026-04-02T18:30:00.000Z,0,10,190
69e0ac64f313aeb1c7cef7fb,69e0a6cc2eab0b385a715b37,69e0a6c62eab0b385a715ad4,2026-04-03T18:30:00.000Z,lunch,Dal Fry,Aloo Matar,Jeera Rice,Roti,Fruit Custard,,dal,sabzi,rice,bread,dessert,,40,42,30,10,30,,2,1,2,1,1,,69e0ac64f313aeb1c7cef7fc,69e0ac64f313aeb1c7cef7fd,69e0ac64f313aeb1c7cef7fe,69e0ac64f313aeb1c7cef7ff,69e0ac64f313aeb1c7cef800,,222,222,completed,paid,,2026-04-03T18:30:00.000Z,2026-04-03T18:30:00.000Z,0,11,211
69e0ac64f313aeb1c7cef801,69e0a6cc2eab0b385a715b37,69e0a6c62eab0b385a715ad4,2026-04-06T18:30:00.000Z,dinner,Jalebi,Mixed Veg Curry,Dal Makhani,Jeera Rice,Garlic Naan,,dessert,sabzi,dal,rice,bread,,25,45,55,30,18,,1,2,1,2,2,,69e0ac64f313aeb1c7cef802,69e0ac64f313aeb1c7cef803,69e0ac64f313aeb1c7cef804,69e0ac64f313aeb1c7cef805,69e0ac64f313aeb1c7cef806,,266,266,completed,paid,,2026-04-06T18:30:00.000Z,2026-04-06T18:30:00.000Z,0,13,253
69e0ac64f313aeb1c7cef807,69e0a6cc2eab0b385a715b37,69e0a6c62eab0b385a715ad4,2026-04-08T18:30:00.000Z,dinner,Steamed Rice,Rasmalai,,,,,rice,dessert,,,,,25,35,,,,,2,1,,,,,69e0ac64f313aeb1c7cef808,69e0ac64f313aeb1c7cef809,,,,,85,85,completed,paid,,2026-04-08T18:30:00.000Z,2026-04-08T18:30:00.000Z,0,4,81
69e0ac64f313aeb1c7cef80a,69e0a6cc2eab0b385a715b37,69e0a6c62eab0b385a715ad4,2026-04-10T18:30:00.000Z,lunch,Roti,Fruit Custard,,,,,bread,dessert,,,,,10,30,,,,,1,1,,,,,69e0ac64f313aeb1c7cef80b,69e0ac64f313aeb1c7cef80c,,,,,40,40,completed,paid,,2026-04-10T18:30:00.000Z,2026-04-10T18:30:00.000Z,0,2,38
69e0ac64f313aeb1c7cef80d,69e0a6cc2eab0b385a715b37,69e0a6c62eab0b385a715ad4,2026-04-12T18:30:00.000Z,lunch,Gulab Jamun,Roti,Jeera Rice,Aloo Gobi,Dal Tadka,,dessert,bread,rice,sabzi,dal,,25,10,30,45,40,,1,1,1,1,2,,69e0ac64f313aeb1c7cef80e,69e0ac64f313aeb1c7cef80f,69e0ac64f313aeb1c7cef810,69e0ac64f313aeb1c7cef811,69e0ac64f313aeb1c7cef812,,190,190,completed,paid,,2026-04-12T18:30:00.000Z,2026-04-12T18:30:00.000Z,0,10,180
69e0ac64f313aeb1c7cef813,69e0a6cc2eab0b385a715b37,69e0a6c62eab0b385a715ad4,2026-04-13T18:30:00.000Z,lunch,Roti,Veg Pulao,Paneer Butter Masala,,,,bread,rice,sabzi,,,,10,35,65,,,,1,1,1,,,,69e0ac64f313aeb1c7cef814,69e0ac64f313aeb1c7cef815,69e0ac64f313aeb1c7cef816,,,,110,110,completed,paid,,2026-04-13T18:30:00.000Z,2026-04-13T18:30:00.000Z,0,6,104
69e0ac64f313aeb1c7cef817,69e0a6cc2eab0b385a715b37,69e0a6c62eab0b385a715ad4,2026-04-15T18:30:00.000Z,lunch,Masoor Dal,Paratha,Matar Paneer,Raita,,,dal,bread,sabzi,side,,,38,15,60,20,,,1,1,1,1,,,69e0ac64f313aeb1c7cef818,69e0ac64f313aeb1c7cef819,69e0ac64f313aeb1c7cef81a,69e0ac64f313aeb1c7cef81b,,,133,133,completed,paid,,2026-04-15T18:30:00.000Z,2026-04-15T18:30:00.000Z,0,7,126
69e0ac64f313aeb1c7cef81c,69e0a6cc2eab0b385a715b37,69e0a6c62eab0b385a715ad4,2026-04-17T18:30:00.000Z,lunch,Roti,Jeera Rice,Dal Fry,,,,bread,rice,dal,,,,10,30,40,,,,1,2,2,,,,69e0ac64f313aeb1c7cef81d,69e0ac64f313aeb1c7cef81e,69e0ac64f313aeb1c7cef81f,,,,150,150,completed,paid,,2026-04-17T18:30:00.000Z,2026-04-17T18:30:00.000Z,0,8,142
69e0ac64f313aeb1c7cef820,69e0a6cc2eab0b385a715b37,69e0a6c62eab0b385a715ad4,2026-04-19T18:30:00.000Z,lunch,Roti,Jeera Rice,,,,,bread,rice,,,,,10,30,,,,,1,1,,,,,69e0ac64f313aeb1c7cef821,69e0ac64f313aeb1c7cef822,,,,,40,40,completed,paid,,2026-04-19T18:30:00.000Z,2026-04-19T18:30:00.000Z,0,2,38
69e0ac64f313aeb1c7cef823,69e0a6cc2eab0b385a715b37,69e0a6c62eab0b385a715ad4,2026-04-23T18:30:00.000Z,lunch,Roti,Shrikhand,,,,,bread,dessert,,,,,10,30,,,,,1,1,,,,,69e0ac64f313aeb1c7cef824,69e0ac64f313aeb1c7cef825,,,,,40,40,completed,paid,,2026-04-23T18:30:00.000Z,2026-04-23T18:30:00.000Z,0,2,38
69e0ac64f313aeb1c7cef826,69e0a6cc2eab0b385a715b37,69e0a6c62eab0b385a715ad4,2026-04-23T18:30:00.000Z,lunch,Chana Dal,Baingan Bharta,Veg Pulao,,,,dal,sabzi,rice,,,,40,45,35,,,,2,1,1,,,,69e0ac64f313aeb1c7cef827,69e0ac64f313aeb1c7cef828,69e0ac64f313aeb1c7cef829,,,,160,160,completed,paid,,2026-04-23T18:30:00.000Z,2026-04-23T18:30:00.000Z,0,8,152
69e0ac64f313aeb1c7cef82a,69e0a6cc2eab0b385a715b37,69e0a6c62eab0b385a715ad4,2026-04-24T18:30:00.000Z,lunch,Aloo Matar,Dal Fry,,,,,sabzi,dal,,,,,42,40,,,,,1,1,,,,,69e0ac64f313aeb1c7cef82b,69e0ac64f313aeb1c7cef82c,,,,,82,82,completed,paid,,2026-04-24T18:30:00.000Z,2026-04-24T18:30:00.000Z,0,4,78
69e0ac64f313aeb1c7cef82d,69e0a6cc2eab0b385a715b37,69e0a6c62eab0b385a715ad4,2026-04-25T18:30:00.000Z,lunch,Veg Biryani,Paneer Butter Masala,Garlic Naan,Dal Tadka,,,rice,sabzi,bread,dal,,,55,65,18,40,,,1,1,1,1,,,69e0ac64f313aeb1c7cef82e,69e0ac64f313aeb1c7cef82f,69e0ac64f313aeb1c7cef830,69e0ac64f313aeb1c7cef831,,,178,178,completed,paid,,2026-04-25T18:30:00.000Z,2026-04-25T18:30:00.000Z,0,9,169
69e0ac64f313aeb1c7cef832,69e0a6cc2eab0b385a715b37,69e0a6c62eab0b385a715ad4,2026-04-26T18:30:00.000Z,lunch,Roti,Jeera Rice,Aloo Gobi,Dal Tadka,Gulab Jamun,,bread,rice,sabzi,dal,dessert,,10,30,45,40,25,,1,1,2,1,1,,69e0ac64f313aeb1c7cef833,69e0ac64f313aeb1c7cef834,69e0ac64f313aeb1c7cef835,69e0ac64f313aeb1c7cef836,69e0ac64f313aeb1c7cef837,,195,195,completed,paid,,2026-04-26T18:30:00.000Z,2026-04-26T18:30:00.000Z,0,10,185
69e0ac64f313aeb1c7cef838,69e0a6cc2eab0b385a715b37,69e0a6c62eab0b385a715ad4,2026-04-27T18:30:00.000Z,dinner,Garlic Naan,Jeera Rice,,,,,bread,rice,,,,,18,30,,,,,2,1,,,,,69e0ac64f313aeb1c7cef839,69e0ac64f313aeb1c7cef83a,,,,,66,66,completed,paid,,2026-04-27T18:30:00.000Z,2026-04-27T18:30:00.000Z,0,3,63
69e0ac64f313aeb1c7cef83b,69e0a6cc2eab0b385a715b37,69e0a6c62eab0b385a715ad4,2026-04-28T18:30:00.000Z,dinner,Toor Dal Fry,Roti,,,,,dal,bread,,,,,42,10,,,,,1,2,,,,,69e0ac64f313aeb1c7cef83c,69e0ac64f313aeb1c7cef83d,,,,,62,62,completed,paid,,2026-04-28T18:30:00.000Z,2026-04-28T18:30:00.000Z,0,3,59
69e0ac64f313aeb1c7cef83e,69e0a6cc2eab0b385a715b37,69e0a6c62eab0b385a715ad4,2026-05-03T18:30:00.000Z,lunch,Jeera Rice,Dal Tadka,Roti,,,,rice,dal,bread,,,,30,40,10,,,,2,1,1,,,,69e0ac64f313aeb1c7cef83f,69e0ac64f313aeb1c7cef840,69e0ac64f313aeb1c7cef841,,,,110,110,completed,paid,,2026-05-03T18:30:00.000Z,2026-05-03T18:30:00.000Z,0,6,104
69e0ac64f313aeb1c7cef842,69e0a6cc2eab0b385a715b37,69e0a6c62eab0b385a715ad4,2026-05-04T18:30:00.000Z,dinner,Dal Makhani,Mixed Veg Curry,Garlic Naan,,,,dal,sabzi,bread,,,,55,45,18,,,,1,1,1,,,,69e0ac64f313aeb1c7cef843,69e0ac64f313aeb1c7cef844,69e0ac64f313aeb1c7cef845,,,,118,118,completed,paid,,2026-05-04T18:30:00.000Z,2026-05-04T18:30:00.000Z,0,6,112
69e0ac64f313aeb1c7cef846,69e0a6cc2eab0b385a715b37,69e0a6c62eab0b385a715ad4,2026-05-06T18:30:00.000Z,dinner,Dal Tadka,Paneer Tikka Masala,Steamed Rice,Butter Naan,,,dal,sabzi,rice,bread,,,40,70,25,15,,,1,1,2,1,,,69e0ac64f313aeb1c7cef847,69e0ac64f313aeb1c7cef848,69e0ac64f313aeb1c7cef849,69e0ac64f313aeb1c7cef84a,,,175,175,completed,paid,,2026-05-06T18:30:00.000Z,2026-05-06T18:30:00.000Z,0,9,166
69e0ac64f313aeb1c7cef84b,69e0a6cc2eab0b385a715b37,69e0a6c62eab0b385a715ad4,2026-05-07T18:30:00.000Z,lunch,Shrikhand,Roti,Chana Dal,Baingan Bharta,,,dessert,bread,dal,sabzi,,,30,10,40,45,,,2,1,1,1,,,69e0ac64f313aeb1c7cef84c,69e0ac64f313aeb1c7cef84d,69e0ac64f313aeb1c7cef84e,69e0ac64f313aeb1c7cef84f,,,155,155,completed,paid,,2026-05-07T18:30:00.000Z,2026-05-07T18:30:00.000Z,0,8,147
69e0ac64f313aeb1c7cef850,69e0a6cc2eab0b385a715b37,69e0a6c62eab0b385a715ad4,2026-05-09T18:30:00.000Z,dinner,Rajma Masala,Papad,Malai Kofta,Kheer,Butter Naan,Jeera Rice,dal,side,sabzi,dessert,bread,rice,50,10,70,30,15,30,1,1,2,2,1,2,69e0ac64f313aeb1c7cef851,69e0ac64f313aeb1c7cef852,69e0ac64f313aeb1c7cef853,69e0ac64f313aeb1c7cef854,69e0ac64f313aeb1c7cef855,69e0ac64f313aeb1c7cef856,335,335,completed,paid,,2026-05-09T18:30:00.000Z,2026-05-09T18:30:00.000Z,0,17,318
69e0ac64f313aeb1c7cef857,69e0a6cc2eab0b385a715b37,69e0a6c62eab0b385a715ad4,2026-05-11T18:30:00.000Z,lunch,Paneer Butter Masala,Chana Dal,Raita,Roti,,,sabzi,dal,side,bread,,,65,40,20,10,,,1,2,2,1,,,69e0ac64f313aeb1c7cef858,69e0ac64f313aeb1c7cef859,69e0ac64f313aeb1c7cef85a,69e0ac64f313aeb1c7cef85b,,,195,195,completed,paid,,2026-05-11T18:30:00.000Z,2026-05-11T18:30:00.000Z,0,10,185
69e0ac64f313aeb1c7cef85c,69e0a6cc2eab0b385a715b37,69e0a6c62eab0b385a715ad4,2026-05-12T18:30:00.000Z,lunch,Steamed Rice,Chole,Moong Dal,Lassi,Bhatura,,rice,sabzi,dal,side,bread,,25,50,38,25,20,,2,1,1,1,1,,69e0ac64f313aeb1c7cef85d,69e0ac64f313aeb1c7cef85e,69e0ac64f313aeb1c7cef85f,69e0ac64f313aeb1c7cef860,69e0ac64f313aeb1c7cef861,,183,183,completed,paid,,2026-05-12T18:30:00.000Z,2026-05-12T18:30:00.000Z,0,9,174
69e0ac64f313aeb1c7cef862,69e0a6cc2eab0b385a715b37,69e0a6c62eab0b385a715ad4,2026-05-14T18:30:00.000Z,lunch,Chana Dal,Baingan Bharta,Shrikhand,Veg Pulao,Roti,,dal,sabzi,dessert,rice,bread,,40,45,30,35,10,,2,2,1,2,2,,69e0ac64f313aeb1c7cef863,69e0ac64f313aeb1c7cef864,69e0ac64f313aeb1c7cef865,69e0ac64f313aeb1c7cef866,69e0ac64f313aeb1c7cef867,,290,290,completed,paid,,2026-05-14T18:30:00.000Z,2026-05-14T18:30:00.000Z,0,15,275
69e0ac64f313aeb1c7cef868,69e0a6cc2eab0b385a715b37,69e0a6c62eab0b385a715ad4,2026-05-14T18:30:00.000Z,lunch,Baingan Bharta,Roti,Chana Dal,Veg Pulao,,,sabzi,bread,dal,rice,,,45,10,40,35,,,1,2,1,1,,,69e0ac64f313aeb1c7cef869,69e0ac64f313aeb1c7cef86a,69e0ac64f313aeb1c7cef86b,69e0ac64f313aeb1c7cef86c,,,140,140,completed,paid,,2026-05-14T18:30:00.000Z,2026-05-14T18:30:00.000Z,0,7,133
69e0ac64f313aeb1c7cef86d,69e0a6cc2eab0b385a715b37,69e0a6c62eab0b385a715ad4,2026-05-15T18:30:00.000Z,lunch,Roti,Jeera Rice,Aloo Matar,Fruit Custard,Dal Fry,,bread,rice,sabzi,dessert,dal,,10,30,42,30,40,,1,2,1,2,1,,69e0ac64f313aeb1c7cef86e,69e0ac64f313aeb1c7cef86f,69e0ac64f313aeb1c7cef870,69e0ac64f313aeb1c7cef871,69e0ac64f313aeb1c7cef872,,212,212,completed,paid,,2026-05-15T18:30:00.000Z,2026-05-15T18:30:00.000Z,0,11,201
69e0ac64f313aeb1c7cef873,69e0a6cc2eab0b385a715b37,69e0a6c62eab0b385a715ad4,2026-05-16T18:30:00.000Z,lunch,Dal Tadka,Paneer Butter Masala,Gulab Jamun,Garlic Naan,Veg Biryani,Raita,dal,sabzi,dessert,bread,rice,side,40,65,25,18,55,20,2,2,2,1,1,1,69e0ac64f313aeb1c7cef874,69e0ac64f313aeb1c7cef875,69e0ac64f313aeb1c7cef876,69e0ac64f313aeb1c7cef877,69e0ac64f313aeb1c7cef878,69e0ac64f313aeb1c7cef879,353,353,completed,paid,,2026-05-16T18:30:00.000Z,2026-05-16T18:30:00.000Z,0,18,335
69e0ac64f313aeb1c7cef87a,69e0a6cc2eab0b385a715b37,69e0a6c62eab0b385a715ad4,2026-05-16T18:30:00.000Z,dinner,Papad,Butter Naan,Rajma Masala,,,,side,bread,dal,,,,10,15,50,,,,1,1,1,,,,69e0ac64f313aeb1c7cef87b,69e0ac64f313aeb1c7cef87c,69e0ac64f313aeb1c7cef87d,,,,75,75,completed,paid,,2026-05-16T18:30:00.000Z,2026-05-16T18:30:00.000Z,0,4,71
69e0ac64f313aeb1c7cef87e,69e0a6cc2eab0b385a715b37,69e0a6c62eab0b385a715ad4,2026-05-19T18:30:00.000Z,lunch,Chole,Bhatura,,,,,sabzi,bread,,,,,50,20,,,,,2,1,,,,,69e0ac64f313aeb1c7cef87f,69e0ac64f313aeb1c7cef880,,,,,120,120,completed,paid,,2026-05-19T18:30:00.000Z,2026-05-19T18:30:00.000Z,0,6,114
69e0ac64f313aeb1c7cef881,69e0a6cc2eab0b385a715b37,69e0a6c62eab0b385a715ad4,2026-05-20T18:30:00.000Z,lunch,Jeera Rice,Matar Paneer,,,,,rice,sabzi,,,,,30,60,,,,,1,1,,,,,69e0ac64f313aeb1c7cef882,69e0ac64f313aeb1c7cef883,,,,,90,90,completed,paid,,2026-05-20T18:30:00.000Z,2026-05-20T18:30:00.000Z,0,5,85
69e0ac64f313aeb1c7cef884,69e0a6cc2eab0b385a715b37,69e0a6c62eab0b385a715ad4,2026-05-21T18:30:00.000Z,dinner,Rajma Masala,Kadhai Paneer,Garlic Naan,Veg Biryani,,,dal,sabzi,bread,rice,,,50,65,18,55,,,1,1,1,1,,,69e0ac64f313aeb1c7cef885,69e0ac64f313aeb1c7cef886,69e0ac64f313aeb1c7cef887,69e0ac64f313aeb1c7cef888,,,188,188,completed,paid,,2026-05-21T18:30:00.000Z,2026-05-21T18:30:00.000Z,0,9,179
69e0ac64f313aeb1c7cef889,69e0a6cc2eab0b385a715b37,69e0a6c62eab0b385a715ad4,2026-05-22T18:30:00.000Z,dinner,Butter Naan,Rasmalai,Shahi Paneer,Steamed Rice,Dal Makhani,,bread,dessert,sabzi,rice,dal,,15,35,70,25,55,,2,1,2,2,1,,69e0ac64f313aeb1c7cef88a,69e0ac64f313aeb1c7cef88b,69e0ac64f313aeb1c7cef88c,69e0ac64f313aeb1c7cef88d,69e0ac64f313aeb1c7cef88e,,310,310,completed,paid,,2026-05-22T18:30:00.000Z,2026-05-22T18:30:00.000Z,0,16,294
69e0ac64f313aeb1c7cef88f,69e0a6cc2eab0b385a715b37,69e0a6c62eab0b385a715ad4,2026-05-23T18:30:00.000Z,lunch,Dal Tadka,Paneer Butter Masala,Veg Biryani,Garlic Naan,,,dal,sabzi,rice,bread,,,40,65,55,18,,,1,1,1,1,,,69e0ac64f313aeb1c7cef890,69e0ac64f313aeb1c7cef891,69e0ac64f313aeb1c7cef892,69e0ac64f313aeb1c7cef893,,,178,178,completed,paid,,2026-05-23T18:30:00.000Z,2026-05-23T18:30:00.000Z,0,9,169
69e0ac64f313aeb1c7cef894,69e0a6cc2eab0b385a715b37,69e0a6c62eab0b385a715ad4,2026-05-26T18:30:00.000Z,lunch,Bhatura,Moong Dal,,,,,bread,dal,,,,,20,38,,,,,1,1,,,,,69e0ac64f313aeb1c7cef895,69e0ac64f313aeb1c7cef896,,,,,58,58,completed,paid,,2026-05-26T18:30:00.000Z,2026-05-26T18:30:00.000Z,0,3,55
69e0ac64f313aeb1c7cef897,69e0a6cc2eab0b385a715b37,69e0a6c62eab0b385a715ad4,2026-05-26T18:30:00.000Z,lunch,Bhatura,Steamed Rice,,,,,bread,rice,,,,,20,25,,,,,2,1,,,,,69e0ac64f313aeb1c7cef898,69e0ac64f313aeb1c7cef899,,,,,65,65,completed,paid,,2026-05-26T18:30:00.000Z,2026-05-26T18:30:00.000Z,0,3,62
69e0ac64f313aeb1c7cef89a,69e0a6cc2eab0b385a715b37,69e0a6c62eab0b385a715ad4,2026-05-28T18:30:00.000Z,dinner,Garlic Naan,Kadhai Paneer,Rajma Masala,Veg Biryani,Ice Cream,,bread,sabzi,dal,rice,dessert,,18,65,50,55,30,,2,1,2,1,1,,69e0ac64f313aeb1c7cef89b,69e0ac64f313aeb1c7cef89c,69e0ac64f313aeb1c7cef89d,69e0ac64f313aeb1c7cef89e,69e0ac64f313aeb1c7cef89f,,286,286,completed,paid,,2026-05-28T18:30:00.000Z,2026-05-28T18:30:00.000Z,0,14,272
69e0ac64f313aeb1c7cef8a0,69e0a6cc2eab0b385a715b37,69e0a6c62eab0b385a715ad4,2026-05-30T18:30:00.000Z,dinner,Malai Kofta,Papad,,,,,sabzi,side,,,,,70,10,,,,,2,1,,,,,69e0ac64f313aeb1c7cef8a1,69e0ac64f313aeb1c7cef8a2,,,,,150,150,completed,paid,,2026-05-30T18:30:00.000Z,2026-05-30T18:30:00.000Z,0,8,142
69e0ac64f313aeb1c7cef8a3,69e0a6cc2eab0b385a715b37,69e0a6c62eab0b385a715ad4,2026-05-30T18:30:00.000Z,dinner,Jeera Rice,Butter Naan,Papad,,,,rice,bread,side,,,,30,15,10,,,,2,1,2,,,,69e0ac64f313aeb1c7cef8a4,69e0ac64f313aeb1c7cef8a5,69e0ac64f313aeb1c7cef8a6,,,,95,95,completed,paid,,2026-05-30T18:30:00.000Z,2026-05-30T18:30:00.000Z,0,5,90
69e0ac64f313aeb1c7cef8a7,69e0a6cc2eab0b385a715b37,69e0a6c62eab0b385a715ad4,2026-05-31T18:30:00.000Z,lunch,Dal Tadka,Aloo Gobi,,,,,dal,sabzi,,,,,40,45,,,,,1,1,,,,,69e0ac64f313aeb1c7cef8a8,69e0ac64f313aeb1c7cef8a9,,,,,85,85,completed,paid,,2026-05-31T18:30:00.000Z,2026-05-31T18:30:00.000Z,0,4,81
69e0ac64f313aeb1c7cef8aa,69e0a6cc2eab0b385a715b37,69e0a6c62eab0b385a715ad4,2026-05-31T18:30:00.000Z,dinner,Rajma Masala,Butter Naan,,,,,dal,bread,,,,,50,15,,,,,1,1,,,,,69e0ac64f313aeb1c7cef8ab,69e0ac64f313aeb1c7cef8ac,,,,,65,65,completed,paid,,2026-05-31T18:30:00.000Z,2026-05-31T18:30:00.000Z,0,3,62
69e0ac64f313aeb1c7cef8ad,69e0a6cc2eab0b385a715b37,69e0a6c62eab0b385a715ad4,2026-06-01T18:30:00.000Z,dinner,Mixed Veg Curry,Dal Makhani,Jeera Rice,Garlic Naan,,,sabzi,dal,rice,bread,,,45,55,30,18,,,1,1,2,2,,,69e0ac64f313aeb1c7cef8ae,69e0ac64f313aeb1c7cef8af,69e0ac64f313aeb1c7cef8b0,69e0ac64f313aeb1c7cef8b1,,,196,196,completed,paid,,2026-06-01T18:30:00.000Z,2026-06-01T18:30:00.000Z,0,10,186
69e0ac64f313aeb1c7cef8b2,69e0a6cc2eab0b385a715b37,69e0a6c62eab0b385a715ad4,2026-06-06T18:30:00.000Z,lunch,Raita,Garlic Naan,Veg Biryani,Gulab Jamun,Paneer Butter Masala,,side,bread,rice,dessert,sabzi,,20,18,55,25,65,,2,2,1,2,1,,69e0ac64f313aeb1c7cef8b3,69e0ac64f313aeb1c7cef8b4,69e0ac64f313aeb1c7cef8b5,69e0ac64f313aeb1c7cef8b6,69e0ac64f313aeb1c7cef8b7,,246,246,completed,paid,,2026-06-06T18:30:00.000Z,2026-06-06T18:30:00.000Z,0,12,234
69e0ac64f313aeb1c7cef8b8,69e0a6cc2eab0b385a715b37,69e0a6c62eab0b385a715ad4,2026-06-08T18:30:00.000Z,lunch,Roti,Veg Pulao,Paneer Butter Masala,Chana Dal,,,bread,rice,sabzi,dal,,,10,35,65,40,,,1,1,2,1,,,69e0ac64f313aeb1c7cef8b9,69e0ac64f313aeb1c7cef8ba,69e0ac64f313aeb1c7cef8bb,69e0ac64f313aeb1c7cef8bc,,,215,215,completed,paid,,2026-06-08T18:30:00.000Z,2026-06-08T18:30:00.000Z,0,11,204
69e0ac64f313aeb1c7cef8bd,69e0a6cc2eab0b385a715b37,69e0a6c62eab0b385a715ad4,2026-06-08T18:30:00.000Z,lunch,Roti,Veg Pulao,Paneer Butter Masala,Raita,Chana Dal,,bread,rice,sabzi,side,dal,,10,35,65,20,40,,1,1,1,2,1,,69e0ac64f313aeb1c7cef8be,69e0ac64f313aeb1c7cef8bf,69e0ac64f313aeb1c7cef8c0,69e0ac64f313aeb1c7cef8c1,69e0ac64f313aeb1c7cef8c2,,190,190,completed,paid,,2026-06-08T18:30:00.000Z,2026-06-08T18:30:00.000Z,0,10,180
69e0ac64f313aeb1c7cef8c3,69e0a6cc2eab0b385a715b37,69e0a6c62eab0b385a715ad4,2026-06-10T18:30:00.000Z,lunch,Jeera Rice,Matar Paneer,Masoor Dal,Paratha,Raita,,rice,sabzi,dal,bread,side,,30,60,38,15,20,,2,1,1,1,2,,69e0ac64f313aeb1c7cef8c4,69e0ac64f313aeb1c7cef8c5,69e0ac64f313aeb1c7cef8c6,69e0ac64f313aeb1c7cef8c7,69e0ac64f313aeb1c7cef8c8,,213,213,completed,paid,,2026-06-10T18:30:00.000Z,2026-06-10T18:30:00.000Z,0,11,202
69e0ac64f313aeb1c7cef8c9,69e0a6cc2eab0b385a715b37,69e0a6c62eab0b385a715ad4,2026-06-10T18:30:00.000Z,lunch,Masoor Dal,Matar Paneer,Raita,Paratha,,,dal,sabzi,side,bread,,,38,60,20,15,,,1,1,1,1,,,69e0ac64f313aeb1c7cef8ca,69e0ac64f313aeb1c7cef8cb,69e0ac64f313aeb1c7cef8cc,69e0ac64f313aeb1c7cef8cd,,,133,133,completed,paid,,2026-06-10T18:30:00.000Z,2026-06-10T18:30:00.000Z,0,7,126
69e0ac64f313aeb1c7cef8ce,69e0a6cc2eab0b385a715b37,69e0a6c62eab0b385a715ad4,2026-06-11T18:30:00.000Z,lunch,Roti,Veg Pulao,,,,,bread,rice,,,,,10,35,,,,,1,1,,,,,69e0ac64f313aeb1c7cef8cf,69e0ac64f313aeb1c7cef8d0,,,,,45,45,completed,paid,,2026-06-11T18:30:00.000Z,2026-06-11T18:30:00.000Z,0,2,43
69e0ac64f313aeb1c7cef8d1,69e0a6cc2eab0b385a715b37,69e0a6c62eab0b385a715ad4,2026-06-13T18:30:00.000Z,dinner,Rajma Masala,Kheer,,,,,dal,dessert,,,,,50,30,,,,,1,2,,,,,69e0ac64f313aeb1c7cef8d2,69e0ac64f313aeb1c7cef8d3,,,,,110,110,completed,paid,,2026-06-13T18:30:00.000Z,2026-06-13T18:30:00.000Z,0,6,104
69e0ac64f313aeb1c7cef8d4,69e0a6cc2eab0b385a715b37,69e0a6c62eab0b385a715ad4,2026-06-14T18:30:00.000Z,dinner,Butter Naan,Rajma Masala,,,,,bread,dal,,,,,15,50,,,,,2,1,,,,,69e0ac64f313aeb1c7cef8d5,69e0ac64f313aeb1c7cef8d6,,,,,80,80,completed,paid,,2026-06-14T18:30:00.000Z,2026-06-14T18:30:00.000Z,0,4,76
69e0ac64f313aeb1c7cef8d7,69e0a6cc2eab0b385a715b37,69e0a6c62eab0b385a715ad4,2026-06-14T18:30:00.000Z,lunch,Aloo Gobi,Roti,Jeera Rice,,,,sabzi,bread,rice,,,,45,10,30,,,,1,1,2,,,,69e0ac64f313aeb1c7cef8d8,69e0ac64f313aeb1c7cef8d9,69e0ac64f313aeb1c7cef8da,,,,115,115,completed,paid,,2026-06-14T18:30:00.000Z,2026-06-14T18:30:00.000Z,0,6,109
69e0ac64f313aeb1c7cef8db,69e0a6cc2eab0b385a715b37,69e0a6c62eab0b385a715ad4,2026-06-15T18:30:00.000Z,lunch,Raita,Roti,Veg Pulao,Paneer Butter Masala,,,side,bread,rice,sabzi,,,20,10,35,65,,,1,1,1,2,,,69e0ac64f313aeb1c7cef8dc,69e0ac64f313aeb1c7cef8dd,69e0ac64f313aeb1c7cef8de,69e0ac64f313aeb1c7cef8df,,,195,195,completed,paid,,2026-06-15T18:30:00.000Z,2026-06-15T18:30:00.000Z,0,10,185
69e0ac64f313aeb1c7cef8e0,69e0a6cc2eab0b385a715b37,69e0a6c62eab0b385a715ad4,2026-06-16T18:30:00.000Z,lunch,Moong Dal,Chole,Lassi,Steamed Rice,,,dal,sabzi,side,rice,,,38,50,25,25,,,1,2,1,1,,,69e0ac64f313aeb1c7cef8e1,69e0ac64f313aeb1c7cef8e2,69e0ac64f313aeb1c7cef8e3,69e0ac64f313aeb1c7cef8e4,,,188,188,completed,paid,,2026-06-16T18:30:00.000Z,2026-06-16T18:30:00.000Z,0,9,179
69e0ac64f313aeb1c7cef8e5,69e0a6cc2eab0b385a715b37,69e0a6c62eab0b385a715ad4,2026-06-17T18:30:00.000Z,dinner,Rasmalai,Dal Tadka,Paneer Tikka Masala,,,,dessert,dal,sabzi,,,,35,40,70,,,,1,1,1,,,,69e0ac64f313aeb1c7cef8e6,69e0ac64f313aeb1c7cef8e7,69e0ac64f313aeb1c7cef8e8,,,,145,145,completed,paid,,2026-06-17T18:30:00.000Z,2026-06-17T18:30:00.000Z,0,7,138
69e0ac64f313aeb1c7cef8e9,69e0a6cc2eab0b385a715b37,69e0a6c62eab0b385a715ad4,2026-06-18T18:30:00.000Z,dinner,Rajma Masala,Kadhai Paneer,Garlic Naan,Ice Cream,Veg Biryani,,dal,sabzi,bread,dessert,rice,,50,65,18,30,55,,2,2,1,2,2,,69e0ac64f313aeb1c7cef8ea,69e0ac64f313aeb1c7cef8eb,69e0ac64f313aeb1c7cef8ec,69e0ac64f313aeb1c7cef8ed,69e0ac64f313aeb1c7cef8ee,,418,418,completed,paid,,2026-06-18T18:30:00.000Z,2026-06-18T18:30:00.000Z,0,21,397
69e0ac64f313aeb1c7cef8ef,69e0a6cc2eab0b385a715b37,69e0a6c62eab0b385a715ad4,2026-06-18T18:30:00.000Z,dinner,Garlic Naan,Veg Biryani,Kadhai Paneer,Rajma Masala,Ice Cream,,bread,rice,sabzi,dal,dessert,,18,55,65,50,30,,1,1,1,1,1,,69e0ac64f313aeb1c7cef8f0,69e0ac64f313aeb1c7cef8f1,69e0ac64f313aeb1c7cef8f2,69e0ac64f313aeb1c7cef8f3,69e0ac64f313aeb1c7cef8f4,,218,218,completed,paid,,2026-06-18T18:30:00.000Z,2026-06-18T18:30:00.000Z,0,11,207
69e0ac64f313aeb1c7cef8f5,69e0a6cc2eab0b385a715b37,69e0a6c62eab0b385a715ad4,2026-06-19T18:30:00.000Z,lunch,Aloo Matar,Fruit Custard,Jeera Rice,Dal Fry,,,sabzi,dessert,rice,dal,,,42,30,30,40,,,2,2,1,2,,,69e0ac64f313aeb1c7cef8f6,69e0ac64f313aeb1c7cef8f7,69e0ac64f313aeb1c7cef8f8,69e0ac64f313aeb1c7cef8f9,,,254,254,completed,paid,,2026-06-19T18:30:00.000Z,2026-06-19T18:30:00.000Z,0,13,241
69e0ac64f313aeb1c7cef8fa,69e0a6cc2eab0b385a715b37,69e0a6c62eab0b385a715ad4,2026-06-19T18:30:00.000Z,dinner,Steamed Rice,Dal Makhani,Butter Naan,Rasmalai,Shahi Paneer,,rice,dal,bread,dessert,sabzi,,25,55,15,35,70,,1,1,1,1,1,,69e0ac64f313aeb1c7cef8fb,69e0ac64f313aeb1c7cef8fc,69e0ac64f313aeb1c7cef8fd,69e0ac64f313aeb1c7cef8fe,69e0ac64f313aeb1c7cef8ff,,200,200,completed,paid,,2026-06-19T18:30:00.000Z,2026-06-19T18:30:00.000Z,0,10,190
69e0ac64f313aeb1c7cef900,69e0a6cc2eab0b385a715b37,69e0a6c62eab0b385a715ad4,2026-06-22T18:30:00.000Z,lunch,Veg Pulao,Roti,,,,,rice,bread,,,,,35,10,,,,,1,1,,,,,69e0ac64f313aeb1c7cef901,69e0ac64f313aeb1c7cef902,,,,,45,45,completed,paid,,2026-06-22T18:30:00.000Z,2026-06-22T18:30:00.000Z,0,2,43
69e0ac64f313aeb1c7cef903,69e0a6cc2eab0b385a715b37,69e0a6c62eab0b385a715ad4,2026-06-22T18:30:00.000Z,lunch,Veg Pulao,Roti,Chana Dal,Paneer Butter Masala,,,rice,bread,dal,sabzi,,,35,10,40,65,,,2,1,1,1,,,69e0ac64f313aeb1c7cef904,69e0ac64f313aeb1c7cef905,69e0ac64f313aeb1c7cef906,69e0ac64f313aeb1c7cef907,,,185,185,completed,paid,,2026-06-22T18:30:00.000Z,2026-06-22T18:30:00.000Z,0,9,176
69e0ac64f313aeb1c7cef908,69e0a6cc2eab0b385a715b37,69e0a6c62eab0b385a715ad4,2026-06-26T18:30:00.000Z,lunch,Roti,Dal Fry,Fruit Custard,Jeera Rice,Aloo Matar,,bread,dal,dessert,rice,sabzi,,10,40,30,30,42,,1,1,1,1,2,,69e0ac64f313aeb1c7cef909,69e0ac64f313aeb1c7cef90a,69e0ac64f313aeb1c7cef90b,69e0ac64f313aeb1c7cef90c,69e0ac64f313aeb1c7cef90d,,194,194,completed,paid,,2026-06-26T18:30:00.000Z,2026-06-26T18:30:00.000Z,0,10,184
69e0ac64f313aeb1c7cef90e,69e0a6cc2eab0b385a715b37,69e0a6c62eab0b385a715ad4,2026-06-27T18:30:00.000Z,dinner,Rajma Masala,Malai Kofta,Jeera Rice,Butter Naan,Kheer,,dal,sabzi,rice,bread,dessert,,50,70,30,15,30,,1,1,1,1,2,,69e0ac64f313aeb1c7cef90f,69e0ac64f313aeb1c7cef910,69e0ac64f313aeb1c7cef911,69e0ac64f313aeb1c7cef912,69e0ac64f313aeb1c7cef913,,225,225,completed,paid,,2026-06-27T18:30:00.000Z,2026-06-27T18:30:00.000Z,0,11,214
69e0ac64f313aeb1c7cef914,69e0a6cc2eab0b385a715b37,69e0a6c62eab0b385a715ad4,2026-06-28T18:30:00.000Z,dinner,Butter Naan,Rajma Masala,,,,,bread,dal,,,,,15,50,,,,,1,1,,,,,69e0ac64f313aeb1c7cef915,69e0ac64f313aeb1c7cef916,,,,,65,65,completed,paid,,2026-06-28T18:30:00.000Z,2026-06-28T18:30:00.000Z,0,3,62
69e0ac64f313aeb1c7cef917,69e0a6cc2eab0b385a715b37,69e0a6c62eab0b385a715ad4,2026-06-29T18:30:00.000Z,dinner,Dal Makhani,Mixed Veg Curry,Jeera Rice,Garlic Naan,Jalebi,,dal,sabzi,rice,bread,dessert,,55,45,30,18,25,,2,2,1,1,2,,69e0ac64f313aeb1c7cef918,69e0ac64f313aeb1c7cef919,69e0ac64f313aeb1c7cef91a,69e0ac64f313aeb1c7cef91b,69e0ac64f313aeb1c7cef91c,,298,298,completed,paid,,2026-06-29T18:30:00.000Z,2026-06-29T18:30:00.000Z,0,15,283
69e0ac64f313aeb1c7cef91d,69e0a6cc2eab0b385a715b37,69e0a6c62eab0b385a715ad4,2026-06-29T18:30:00.000Z,lunch,Chana Dal,Paneer Butter Masala,Veg Pulao,Roti,,,dal,sabzi,rice,bread,,,40,65,35,10,,,1,2,1,1,,,69e0ac64f313aeb1c7cef91e,69e0ac64f313aeb1c7cef91f,69e0ac64f313aeb1c7cef920,69e0ac64f313aeb1c7cef921,,,215,215,completed,paid,,2026-06-29T18:30:00.000Z,2026-06-29T18:30:00.000Z,0,11,204
69e0ac64f313aeb1c7cef922,69e0a6cc2eab0b385a715b37,69e0a6c62eab0b385a715ad4,2026-06-30T18:30:00.000Z,dinner,Gulab Jamun,Roti,Veg Biryani,Bhindi Masala,Toor Dal Fry,,dessert,bread,rice,sabzi,dal,,25,10,55,45,42,,1,1,2,2,1,,69e0ac64f313aeb1c7cef923,69e0ac64f313aeb1c7cef924,69e0ac64f313aeb1c7cef925,69e0ac64f313aeb1c7cef926,69e0ac64f313aeb1c7cef927,,277,277,completed,paid,,2026-06-30T18:30:00.000Z,2026-06-30T18:30:00.000Z,0,14,263
69e0ac64f313aeb1c7cef928,69e0a6cc2eab0b385a715b37,69e0a6c62eab0b385a715ad4,2026-07-02T18:30:00.000Z,lunch,Roti,Shrikhand,Veg Pulao,Baingan Bharta,Chana Dal,,bread,dessert,rice,sabzi,dal,,10,30,35,45,40,,1,2,1,1,1,,69e0ac64f313aeb1c7cef929,69e0ac64f313aeb1c7cef92a,69e0ac64f313aeb1c7cef92b,69e0ac64f313aeb1c7cef92c,69e0ac64f313aeb1c7cef92d,,190,190,completed,paid,,2026-07-02T18:30:00.000Z,2026-07-02T18:30:00.000Z,0,10,180
69e0ac64f313aeb1c7cef92e,69e0a6cc2eab0b385a715b37,69e0a6c62eab0b385a715ad4,2026-07-05T18:30:00.000Z,dinner,Kheer,Palak Paneer,Rajma Masala,,,,dessert,sabzi,dal,,,,30,60,50,,,,1,1,2,,,,69e0ac64f313aeb1c7cef92f,69e0ac64f313aeb1c7cef930,69e0ac64f313aeb1c7cef931,,,,190,190,completed,paid,,2026-07-05T18:30:00.000Z,2026-07-05T18:30:00.000Z,0,10,180
69e0ac64f313aeb1c7cef932,69e0a6cc2eab0b385a715b37,69e0a6c62eab0b385a715ad4,2026-07-05T18:30:00.000Z,lunch,Aloo Gobi,Roti,Gulab Jamun,,,,sabzi,bread,dessert,,,,45,10,25,,,,2,1,2,,,,69e0ac64f313aeb1c7cef933,69e0ac64f313aeb1c7cef934,69e0ac64f313aeb1c7cef935,,,,150,150,completed,paid,,2026-07-05T18:30:00.000Z,2026-07-05T18:30:00.000Z,0,8,142
69e0ac64f313aeb1c7cef936,69e0a6cc2eab0b385a715b37,69e0a6c62eab0b385a715ad4,2026-07-06T18:30:00.000Z,lunch,Roti,Veg Pulao,Paneer Butter Masala,,,,bread,rice,sabzi,,,,10,35,65,,,,1,1,1,,,,69e0ac64f313aeb1c7cef937,69e0ac64f313aeb1c7cef938,69e0ac64f313aeb1c7cef939,,,,110,110,completed,paid,,2026-07-06T18:30:00.000Z,2026-07-06T18:30:00.000Z,0,6,104
69e0ac64f313aeb1c7cef93a,69e0a6cc2eab0b385a715b37,69e0a6c62eab0b385a715ad4,2026-07-07T18:30:00.000Z,lunch,Chole,Bhatura,Moong Dal,Lassi,,,sabzi,bread,dal,side,,,50,20,38,25,,,1,2,2,1,,,69e0ac64f313aeb1c7cef93b,69e0ac64f313aeb1c7cef93c,69e0ac64f313aeb1c7cef93d,69e0ac64f313aeb1c7cef93e,,,191,191,completed,paid,,2026-07-07T18:30:00.000Z,2026-07-07T18:30:00.000Z,0,10,181
69e0ac64f313aeb1c7cef93f,69e0a6cc2eab0b385a715b37,69e0a6c62eab0b385a715ad4,2026-07-09T18:30:00.000Z,dinner,Kadhai Paneer,Veg Biryani,Rajma Masala,Ice Cream,,,sabzi,rice,dal,dessert,,,65,55,50,30,,,2,1,2,2,,,69e0ac64f313aeb1c7cef940,69e0ac64f313aeb1c7cef941,69e0ac64f313aeb1c7cef942,69e0ac64f313aeb1c7cef943,,,345,345,completed,paid,,2026-07-09T18:30:00.000Z,2026-07-09T18:30:00.000Z,0,17,328
69e0ac64f313aeb1c7cef944,69e0a6cc2eab0b385a715b37,69e0a6c62eab0b385a715ad4,2026-07-09T18:30:00.000Z,dinner,Ice Cream,Garlic Naan,,,,,dessert,bread,,,,,30,18,,,,,2,1,,,,,69e0ac64f313aeb1c7cef945,69e0ac64f313aeb1c7cef946,,,,,78,78,completed,paid,,2026-07-09T18:30:00.000Z,2026-07-09T18:30:00.000Z,0,4,74
69e0ac64f313aeb1c7cef947,69e0a6cc2eab0b385a715b37,69e0a6c62eab0b385a715ad4,2026-07-10T18:30:00.000Z,dinner,Butter Naan,Dal Makhani,Shahi Paneer,,,,bread,dal,sabzi,,,,15,55,70,,,,1,1,1,,,,69e0ac64f313aeb1c7cef948,69e0ac64f313aeb1c7cef949,69e0ac64f313aeb1c7cef94a,,,,140,140,completed,paid,,2026-07-10T18:30:00.000Z,2026-07-10T18:30:00.000Z,0,7,133
69e0ac64f313aeb1c7cef94b,69e0a6cc2eab0b385a715b37,69e0a6c62eab0b385a715ad4,2026-07-10T18:30:00.000Z,lunch,Jeera Rice,Aloo Matar,Dal Fry,Fruit Custard,Roti,,rice,sabzi,dal,dessert,bread,,30,42,40,30,10,,1,1,1,1,1,,69e0ac64f313aeb1c7cef94c,69e0ac64f313aeb1c7cef94d,69e0ac64f313aeb1c7cef94e,69e0ac64f313aeb1c7cef94f,69e0ac64f313aeb1c7cef950,,152,152,completed,paid,,2026-07-10T18:30:00.000Z,2026-07-10T18:30:00.000Z,0,8,144
69e0ac64f313aeb1c7cef951,69e0a6cc2eab0b385a715b37,69e0a6c62eab0b385a715ad4,2026-07-12T18:30:00.000Z,lunch,Roti,Jeera Rice,,,,,bread,rice,,,,,10,30,,,,,2,2,,,,,69e0ac64f313aeb1c7cef952,69e0ac64f313aeb1c7cef953,,,,,80,80,completed,paid,,2026-07-12T18:30:00.000Z,2026-07-12T18:30:00.000Z,0,4,76
69e0ac64f313aeb1c7cef954,69e0a6cc2eab0b385a715b37,69e0a6c62eab0b385a715ad4,2026-07-13T18:30:00.000Z,lunch,Roti,Chana Dal,Paneer Butter Masala,Raita,,,bread,dal,sabzi,side,,,10,40,65,20,,,1,1,1,1,,,69e0ac64f313aeb1c7cef955,69e0ac64f313aeb1c7cef956,69e0ac64f313aeb1c7cef957,69e0ac64f313aeb1c7cef958,,,135,135,completed,paid,,2026-07-13T18:30:00.000Z,2026-07-13T18:30:00.000Z,0,7,128
69e0ac64f313aeb1c7cef959,69e0a6cc2eab0b385a715b37,69e0a6c62eab0b385a715ad4,2026-07-13T18:30:00.000Z,lunch,Chana Dal,Roti,,,,,dal,bread,,,,,40,10,,,,,1,1,,,,,69e0ac64f313aeb1c7cef95a,69e0ac64f313aeb1c7cef95b,,,,,50,50,completed,paid,,2026-07-13T18:30:00.000Z,2026-07-13T18:30:00.000Z,0,3,47
69e0ac64f313aeb1c7cef95c,69e0a6cc2eab0b385a715b37,69e0a6c62eab0b385a715ad4,2026-07-13T18:30:00.000Z,dinner,Jalebi,Garlic Naan,Jeera Rice,,,,dessert,bread,rice,,,,25,18,30,,,,1,2,1,,,,69e0ac64f313aeb1c7cef95d,69e0ac64f313aeb1c7cef95e,69e0ac64f313aeb1c7cef95f,,,,91,91,completed,paid,,2026-07-13T18:30:00.000Z,2026-07-13T18:30:00.000Z,0,5,86
69e0ac64f313aeb1c7cef960,69e0a6cc2eab0b385a715b37,69e0a6c62eab0b385a715ad4,2026-07-14T18:30:00.000Z,dinner,Toor Dal Fry,Bhindi Masala,Veg Biryani,Gulab Jamun,,,dal,sabzi,rice,dessert,,,42,45,55,25,,,1,1,1,1,,,69e0ac64f313aeb1c7cef961,69e0ac64f313aeb1c7cef962,69e0ac64f313aeb1c7cef963,69e0ac64f313aeb1c7cef964,,,167,167,completed,paid,,2026-07-14T18:30:00.000Z,2026-07-14T18:30:00.000Z,0,8,159
69e22f4ad287fe954d14fde7,69e22f49d287fe954d14fdce,69aab986abf82fb96cee34ef,2026-04-17T13:02:02.300Z,dinner,Roti,,,,,,,,,,,,10,,,,,,2,,,,,,,,,,,,20,0,pending,pending,order_SeZLnkVgS6H4LJ,2026-04-17T13:02:02.840Z,2026-04-17T13:02:02.840Z,0,0,0
69e22f4ad287fe954d14fde9,69e22f49d287fe954d14fdce,69aab9acabf82fb96cee34f1,2026-04-17T13:02:02.300Z,dinner,Sabzi,,,,,,,,,,,,50,,,,,,1,,,,,,,,,,,,50,0,pending,pending,order_SeZLnkVgS6H4LJ,2026-04-17T13:02:02.885Z,2026-04-17T13:02:02.885Z,0,0,0
